date,origin,train_start,train_n,return_pct,realized_proxy,historical_variance,garch_variance,persistence,fit_warnings,loss_garch_variance,loss_historical_variance
2025-09-24,2025-09-23,2021-09-22,1000,-0.6680394885991052,0.44627675832775404,1.3580951031801747,1.7353948293863057,0.992656342458242,0,0.8083964669283603,0.6346879973274142
2025-09-25,2025-09-24,2021-09-23,1000,-0.8023855840917085,0.6438226255581921,1.241960612977492,1.717605127626908,0.9927756476629057,0,0.9157683443588385,0.7350834149397917
2025-09-26,2025-09-25,2021-09-24,1000,0.49254799020549256,0.24260352265547,1.0630278579761836,1.7051367363793146,0.9934567278234098,0,0.6759233505989974,0.28934065207619375
2025-09-29,2025-09-26,2021-09-27,1000,0.567304265443767,0.321834129590692,1.0685188868299127,1.6834647792595823,0.9933170567530548,0,0.7120277019770703,0.3674699535748754
2025-09-30,2025-09-29,2021-09-28,1000,0.46177607936082443,0.21323714746985442,1.0564392067049964,1.666049575895965,0.9935777319785256,0,0.6384449779735136,0.25674918065650243
2025-10-01,2025-09-30,2021-09-29,1000,-1.8600381093217706,3.459741768129307,0.9197726533865295,1.646740546004585,0.9937292216220563,0,2.5997613996277655,3.677889653987689
2025-10-02,2025-10-01,2021-09-30,1000,-1.1012172219487626,1.2126793699165503,1.0549620423813404,1.6767621194169706,0.9936390517938606,0,1.2400914644050913,1.2030052635306443
2025-10-03,2025-10-02,2021-10-01,1000,0.7354905650081788,0.54094637121605,1.107749479672476,1.6683703059650594,0.993293402192948,0,0.8360836788834853,0.5906596198625313
2025-10-06,2025-10-03,2021-10-04,1000,-1.1582124680896624,1.3414561212383471,1.0741946133430549,1.654663883334023,0.9935331884875329,0,1.3143100507038437,1.3203729415859982
2025-10-07,2025-10-06,2021-10-05,1000,-1.6013152415644543,2.5642105028666267,1.1302062836843485,1.651440333267152,0.9934422820318536,0,2.054359400472984,2.391198828810732
2025-10-08,2025-10-07,2021-10-06,1000,0.18814680721260563,0.03539922106429739,1.2207383331572792,1.6692264770060257,0.993560767914676,0,0.5335672928622054,0.22845407231787834
2025-10-09,2025-10-08,2021-10-07,1000,-0.16124701710099634,0.026000600523969006,1.2221944339226223,1.642866280898146,0.9932796885965086,0,0.5122688130463375,0.22192166160909038
2025-10-10,2025-10-09,2021-10-08,1000,-0.10764263134454286,0.01158693608277716,1.2217901706933114,1.6205313330230542,0.9934024157689064,0,0.48990416338913007,0.20980070910510937
2025-10-13,2025-10-10,2021-10-11,1000,0.4030638404365174,0.16246045946743434,1.1078550484784224,1.5940722226844062,0.9931157095631297,0,0.5682072578549466,0.24906990489179848
2025-10-14,2025-10-13,2021-10-13,1000,0.4281515827098553,0.18331377777695407,0.9806709354283909,1.5726390403050867,0.9930627432854819,0,0.5693195584198893,0.16740858631500288
2025-10-15,2025-10-14,2021-10-14,1000,0.0,0.0,0.9863648862899609,1.5474221875636183,0.9926239711700453,0,0.43659044163945354,-0.013728925606292935
2025-10-16,2025-10-15,2021-10-15,1000,-0.24060966848841914,0.057893012570106955,0.8862894048580212,1.5183892423079828,0.9921552972794663,0,0.4557779767241084,-0.05539107549333071
2025-10-17,2025-10-16,2021-10-18,1000,0.3473617414435035,0.12066017941866339,0.8883392071542258,1.4973111192018422,0.9924522566136709,0,0.4842554867913834,0.017425077090544597
2025-10-20,2025-10-17,2021-10-19,1000,1.77136158038539,3.1377218484654263,0.8077375786730542,1.469600961562442,0.9919766244300091,0,2.5200751467333817,3.6710626970508597
2025-10-21,2025-10-20,2021-10-20,1000,-0.9478744008474597,0.8984658797819306,0.8600335887155532,1.5070340461283949,0.9920716611214284,0,1.0063250522604559,0.8939031313680358
2025-10-22,2025-10-21,2021-10-21,1000,0.8167612179224591,0.6670988871021788,0.7810155116060201,1.5006095713353533,0.9921728214141485,0,0.8504233404388113,0.6069826742190787
2025-10-23,2025-10-22,2021-10-22,1000,-0.07875049896901651,0.0062016410878690705,0.7920566180447415,1.4874116233851773,0.9919706973737299,0,0.4012068620185923,-0.22529260711559745
2025-10-24,2025-10-23,2021-10-25,1000,-0.13138878478505622,0.01726301276729382,0.7601755688212253,1.471393358111682,0.9932851809549544,0,0.3979422398857729,-0.25149661638971227
2025-10-27,2025-10-24,2021-10-26,1000,0.8379205980198331,0.7021109285859147,0.7489085433268164,1.4474989513090506,0.9933159431344226,0,0.854888285258286,0.6483738354823056
2025-10-28,2025-10-27,2021-10-27,1000,0.33840977431169506,0.11452117534969239,0.7679223832765777,1.4338023065508592,0.9930328025223698,0,0.4402022320760779,-0.11493542893619185
2025-10-29,2025-10-28,2021-10-28,1000,2.210318721805878,4.885508851965571,0.7629865846705695,1.4063914830235085,0.992661135418604,0,3.814817321578013,6.132623770299591
2025-10-30,2025-10-29,2021-10-29,1000,-0.1271779259661929,0.01617422485306244,0.8342749388623828,1.473910030001019,0.9920018332391318,0,0.39889243922890366,-0.16180510429475217
2025-10-31,2025-10-30,2021-11-01,1000,0.3810496033316143,0.1451988001991806,0.7744496816092081,1.4510778073288644,0.9922599599853037,0,0.47236932113057933,-0.0681161676225305
2025-11-03,2025-10-31,2021-11-03,1000,1.6096926991660674,2.5911105857485395,0.7546623030583648,1.4363491356354072,0.9934836582445999,0,2.166060533047507,3.1519853651980316
2025-11-04,2025-11-03,2021-11-04,1000,-0.29985028420603116,0.08991019293843766,0.8171450262838743,1.4595718151906132,0.9931160363901063,0,0.43974350536377554,-0.09190902480923181
2025-11-05,2025-11-04,2021-11-05,1000,0.4245230472612752,0.1802198176559989,0.693430010787465,1.424420471792855,0.9932898150580278,0,0.48028654659991926,-0.10620877629838088
2025-11-06,2025-11-05,2021-11-08,1000,0.0,0.0,0.7006710406170501,1.4014199024585596,0.9934360008497314,0,0.3374859386934396,-0.3557167736775779
2025-11-07,2025-11-06,2021-11-09,1000,0.0996264041107542,0.009925420396039301,0.6993710105908516,1.3744163464714219,0.9936899191443346,0,0.3252507186414399,-0.3433819799439653
2025-11-10,2025-11-07,2021-11-10,1000,0.6698945755805774,0.4487587423922819,0.6992879348065146,1.3481948181880967,0.9938457030384279,0,0.63162549878226,0.2840440177216085
2025-11-11,2025-11-10,2021-11-11,1000,1.9104181460787024,3.6496974928667862,0.713602848952757,1.3280277280240886,0.9934865109930473,0,3.0319037334348993,4.777037272774003
2025-11-12,2025-11-11,2021-11-12,1000,-2.3068507813990564,5.321560527641437,0.8869220347072486,1.3864226545651828,0.9935768254911163,0,4.165066075485484,5.880033731701666
2025-11-13,2025-11-12,2021-11-16,1000,0.39643263532035555,0.157158834347042,1.1530000610893205,1.4692857450582146,0.9935603960614613,0,0.4917391385412179,0.27867156662050874
2025-11-14,2025-11-13,2021-11-17,1000,0.3948672506306509,0.1559201456206093,1.1579633521781674,1.4461646249320173,0.9936920093758886,0,0.4767312841294529,0.28131305951358615
2025-11-17,2025-11-14,2021-11-18,1000,-0.7416597655049707,0.5500592077688882,1.1597263504882647,1.4226968666428028,0.9937870394967382,0,0.7391856205682565,0.6224849345784276
2025-11-18,2025-11-17,2021-11-19,1000,-0.4975134640113732,0.24751964687259592,1.0303432184534376,1.4095214056662162,0.9938213400940403,0,0.5188556725259367,0.2701222553360042
2025-11-19,2025-11-18,2021-11-22,1000,-0.6253928947190391,0.39111627276505917,0.9977959068079709,1.3890960028217751,0.9938521662579405,0,0.6102149072198508,0.3897737079491122
2025-11-21,2025-11-19,2021-11-23,1000,0.30067673321546395,0.09040649789712328,0.9839967760911152,1.3720257546553043,0.9938321903722201,0,0.38218101273417304,0.07574416500656359
2025-11-24,2025-11-21,2021-11-24,1000,-0.3759873958072512,0.14136652180591858,0.9882070189315778,1.3493539201940008,0.9939027173825498,0,0.4043919810429681,0.1311904797564636
2025-11-25,2025-11-24,2021-11-25,1000,0.22576202438779705,0.05096849165567627,0.9944121943835089,1.3266440840185776,0.9940270712555042,0,0.32107162340768697,0.045651418236267914
2025-11-26,2025-11-25,2021-11-26,1000,2.3279902448666934,5.419538580194487,0.9618550725369971,1.3019880071165013,0.9940862884428082,0,4.426402701818385,5.5955733406098895
2025-11-27,2025-11-26,2021-11-29,1000,-0.34330589929021366,0.11785894048746232,1.2271059427792368,1.3927685406463626,0.9939106404231243,0,0.4159155802743877,0.3007047682431892
2025-11-28,2025-11-27,2021-11-30,1000,2.258748125828603,5.101943095934226,0.9887234472053311,1.3693784651216054,0.9939427394228718,0,4.040093291009399,5.148790977088499
2025-12-01,2025-11-28,2021-12-01,1000,-0.8198743730357456,0.672193987560757,1.2430118907593894,1.4448946674553667,0.9936869274236768,0,0.8332564869553005,0.7583157835642751
2025-12-02,2025-12-01,2021-12-02,1000,2.2031542550676937,4.853888671622884,1.2693616501274685,1.432415613925037,0.993583714036218,0,3.747965835587691,4.062395747404494
2025-12-03,2025-12-02,2021-12-03,1000,0.0,0.0,1.3825005544211852,1.5061973897279977,0.9932308271552543,0,0.4095881896654196,0.3238938554422545
2025-12-04,2025-12-03,2021-12-06,1000,2.4334378054821597,5.92161955314983,1.3780050447742638,1.4760492127152391,0.993462014942619,0,4.401172672855951,4.617877671361333
2025-12-05,2025-12-04,2021-12-07,1000,-4.733491287950081,22.405939773099313,1.6650750315489553,1.5606877787152045,0.9931846182159625,0,14.801578986563962,13.966284671381667
2025-12-08,2025-12-05,2021-12-08,1000,0.4835599364287095,0.23383021211893756,2.785372020203921,1.9321434094779617,0.9927492561390538,0,0.7796511088209026,1.108330809328259
2025-12-09,2025-12-08,2021-12-09,1000,-0.21731266088246226,0.047224792579816044,2.7965672597900655,1.8902165449293387,0.9929315689256264,0,0.661675196790932,1.045279386491787
2025-12-10,2025-12-09,2021-12-10,1000,-4.777545076619308,22.824936959129392,2.7764905622994425,1.873273019371834,0.9929761368091766,0,12.812209521683267,9.241974540488266
2025-12-11,2025-12-10,2021-12-13,1000,-0.0760938553672197,0.00579027482464735,3.735252535612573,2.280087681767726,0.9922996342361465,0,0.8267533957027019,1.3193655991543125
2025-12-12,2025-12-11,2021-12-14,1000,0.88417907115518,0.7817726298688369,3.4694640229717337,2.2605885420532825,0.992176921978433,0,1.161452229899154,1.4693296322539082
2025-12-15,2025-12-12,2021-12-15,1000,1.4977813696265423,2.2433490312003608,3.5006947127478236,2.208020080659709,0.9924668633565802,0,1.808096507859039,1.8937911063442505
2025-12-16,2025-12-15,2021-12-16,1000,-2.6105900152753776,6.815180227855496,3.605066157026811,2.1948478436270253,0.9924924252916529,0,3.8911936748021914,3.1727853818430254
2025-12-17,2025-12-16,2021-12-17,1000,-0.8941176059432595,0.7994462932577059,3.918322208031141,2.3087881779969233,0.991990053422862,0,1.1829850836469114,1.569691260480778
2025-12-18,2025-12-17,2021-12-20,1000,0.5119028327257102,0.2620445101526065,3.9459185403503967,2.287203497771172,0.9920058329525013,0,0.941899718786224,1.4390907652578417
2025-12-19,2025-12-18,2021-12-21,1000,0.9148729683155041,0.8369925481544215,3.9394649522197738,2.233775232503394,0.9922413138533615,0,1.1783917263523958,1.583508424368327
2025-12-22,2025-12-19,2021-12-22,1000,0.20217342212652278,0.04087409261434917,3.9767942547326385,2.184112942300534,0.9924148291152924,0,0.7999240461433125,1.390754182294394
2025-12-23,2025-12-22,2021-12-23,1000,1.6276808706872874,2.649345016801326,3.9717696332730603,2.1215020492723857,0.9926228212564903,0,2.0009306008045087,2.04625572506806
2025-12-26,2025-12-23,2021-12-27,1000,-0.06484981195305778,0.004205498110346956,4.101688459530342,2.1297795545346165,0.9923723797865932,0,0.7579930954640085,1.4124240173378615
2025-12-29,2025-12-26,2021-12-28,1000,-0.30737729119054547,0.09448079913963738,3.8309218054261356,2.079130121170856,0.9924759893018394,0,0.7773920609257992,1.3677681346445132
2025-12-30,2025-12-29,2021-12-29,1000,0.6393066142046466,0.4087129469658089,3.829752898358744,2.035067404069432,0.992410537030816,0,0.9113640315808315,1.4495207322137067
2026-01-02,2025-12-30,2021-12-30,1000,-0.20413377846490913,0.0416705995103606,3.5950913909103237,2.00348938474654,0.992267880812301,0,0.715689364603202,1.2911603833704153
2026-01-05,2026-01-02,2022-01-03,1000,1.4454416740159812,2.089301632982122,3.5635652215078033,1.9664956951138934,0.9923917685415332,0,1.7387022499931017,1.8570568363666622
2026-01-06,2026-01-05,2022-01-04,1000,0.6024114603380876,0.36289956754666725,3.4253358695757656,1.9719998147731836,0.9926453947253799,0,0.863074329408853,1.337145219662111
2026-01-07,2026-01-06,2022-01-05,1000,-1.614565850138694,2.6068228844340835,3.4434808479530994,1.9501582288847945,0.9930133923267983,0,2.004634294927572,1.9935141636905644
2026-01-08,2026-01-07,2022-01-06,1000,1.5394625796164176,2.369945034039235,3.277741014517312,1.966926363676546,0.9929356864624027,0,1.8813697938927043,1.9101966577942293
2026-01-09,2026-01-08,2022-01-07,1000,-0.20055158389058894,0.04022093780102393,2.275941277564308,1.9807376845885696,0.9928795083231243,0,0.7037753828642438,0.8400659364590116
2026-01-12,2026-01-09,2022-01-10,1000,-0.9074929937665935,0.8235435337354545,2.266260813848412,1.9540705418376934,0.9930297924200321,0,1.0913649120771767,1.1815243508774196
2026-01-13,2026-01-12,2022-01-11,1000,-0.813632762081809,0.6619982715328736,2.305076750906194,1.9291941680222133,0.9930756624603841,0,1.0002499462099943,1.1223053961706695
2026-01-14,2026-01-13,2022-01-12,1000,1.0917970582694974,1.1920208164459283,1.196929816526368,1.9170859332783194,0.9931129001967477,0,1.2725941795181122,1.1756584654588556
2026-01-15,2026-01-14,2022-01-13,1000,0.8549209727234185,0.730889869602356,1.256241343607432,1.897152101055737,0.9931263927575726,0,1.0256102047457518,0.8099310924501683
2026-01-16,2026-01-15,2022-01-14,1000,-0.8296716353843797,0.6883550225613911,1.2536972055941082,1.8817848170868203,0.9931903529076428,0,0.9980197069666397,0.7751569780143432
2026-01-19,2026-01-16,2022-01-17,1000,-0.15159174201625064,0.02298005624752149,1.17594750516216,1.8568407027622151,0.9932135998611489,0,0.6312523866365969,0.18161594648178306
2026-01-20,2026-01-19,2022-01-18,1000,0.9311757229600379,0.8670882270301493,0.8363374965817612,1.821050895122083,0.9932180170244781,0,1.0755609176442913,0.8580452835516972
2026-01-21,2026-01-20,2022-01-19,1000,4.290399399109894,18.407527003882542,0.839719593270383,1.8026378817844273,0.993065123592555,0,10.800690212337722,21.746352990887164
2026-01-22,2026-01-21,2022-01-20,1000,3.327740685382574,11.073858069150484,1.7469937179568795,2.0702530121260185,0.9926687744440481,0,6.076706913954999,6.896704614873949
2026-01-23,2026-01-22,2022-01-21,1000,1.1309987841162907,1.279158249672528,2.258836994006683,2.245100081081581,0.9919231626674887,0,1.3785056578404982,1.3811407175948829
2026-01-26,2026-01-23,2022-01-24,1000,1.3224086920618268,1.7487647488406715,2.3207512018595917,2.230070613367245,0.9914104847872526,0,1.586207858064124,1.5954248464660545
2026-01-27,2026-01-26,2022-01-25,1000,2.615550910983664,6.841106567947474,2.2757221884615593,2.229699355278001,0.9907002350649785,0,3.870041196866034,3.8284229766378224
2026-01-28,2026-01-27,2022-01-26,1000,2.225708284442459,4.953777367435793,2.6175672419534153,2.3180766441144622,0.9916184642165781,0,2.977758334321112,2.8547573341820516
2026-01-29,2026-01-28,2022-01-27,1000,-0.4108558055369052,0.16880249294337926,2.8605320703682233,2.384828163559121,0.9910587566670865,0,0.9399088992707092,1.1100185184990106
2026-01-30,2026-01-29,2022-01-28,1000,-1.4184634991956413,2.012038698550343,2.8485365476671016,2.3353848822722365,0.9906745311752314,0,1.7097215081597656,1.753146561655099
2026-02-02,2026-01-30,2022-01-31,1000,0.8316966304265224,0.6917192850628314,2.947054952619101,2.333467049879083,0.9902961885671975,0,1.1437893002281099,1.3155217855138521
2026-02-03,2026-02-02,2022-02-01,1000,0.5650960484437602,0.3193335439667525,2.8771758352231362,2.2949178281685,0.990565475829566,0,0.9698451767245102,1.1677977398082644
2026-02-04,2026-02-03,2022-02-02,1000,-3.3498063741221182,11.221202744109172,2.8749975340441405,2.2556546398607757,0.990032364040622,0,5.788139175945535,4.959082205676414
2026-02-05,2026-02-04,2022-02-03,1000,1.9969600813689192,3.9878495665809606,3.305716527027895,2.454932716634958,0.9894768149766051,0,2.522522516419804,2.402002777057814
2026-02-06,2026-02-05,2022-02-04,1000,2.6662465916620377,7.108870887549433,3.386611753654981,2.501494122842894,0.9887162066538047,0,3.7587381283538415,3.318940024313683
2026-02-09,2026-02-06,2022-02-07,1000,3.2824322831619366,10.774361693543684,3.7400442511424012,2.631104923110225,0.9875026834511667,0,5.0623989526254425,4.19990873047291
2026-02-10,2026-02-09,2022-02-08,1000,0.2274372943597086,0.05172772286566474,4.237585159132813,2.8685686247441833,0.9862095834290481,0,1.0718457586756465,1.456200455978517
2026-02-11,2026-02-10,2022-02-09,1000,1.9430000760859034,3.7752492956698265,4.207071631699453,2.7873730775385064,0.9853950394334395,0,2.3795107961660364,2.3341248099524354
2026-02-12,2026-02-11,2022-02-10,1000,-2.3154399851841467,5.3612623249895615,4.336233055660648,2.778201308139581,0.9880302247043456,0,2.951563911502399,2.7033930453620294
2026-02-13,2026-02-12,2022-02-11,1000,-0.9790725017059551,0.9585829635967573,4.5677516784300085,2.853719536667091,0.9877929301626458,0,1.3845297516899095,1.7288799267643742
2026-02-18,2026-02-13,2022-02-14,1000,0.4594828468283688,0.21112448652950225,4.581263075481777,2.7780574939730904,0.9909740130032425,0,1.0977491026938648,1.5680590810686865
2026-02-19,2026-02-18,2022-02-15,1000,1.1601538867179577,1.3459570408667838,4.590670296995875,2.6979981857509654,0.9909828946954164,0,1.4913825634549678,1.8172200593358556
2026-02-20,2026-02-19,2022-02-16,1000,1.3908999032775202,1.934602540937415,4.614613737687707,2.657794798057275,0.9909200275281834,0,1.7053943880869884,1.948462073094043
2026-02-23,2026-02-20,2022-02-17,1000,-3.6826668714172235,13.562035285833922,3.7909675145404504,2.6356770793420887,0.99081970036618,0,6.114700383372141,4.910081436553401
2026-02-24,2026-02-23,2022-02-18,1000,1.5059895586192455,2.2680045506701902,3.915376375374623,2.907915460149404,0.9908234117243077,0,1.8473781957600584,1.9441672809953032
2026-02-25,2026-02-24,2022-02-21,1000,-0.7920008052062593,0.627265275447363,3.9648186904245053,2.8866469468468416,0.990532034230567,0,1.2773945265121731,1.5356679348640858
2026-02-26,2026-02-25,2022-02-22,1000,-0.251414337333246,0.0632091690167152,3.9087437167548393,2.8227494821043537,0.9908365939711339,0,1.0601041697436746,1.3793872460033498
2026-02-27,2026-02-26,2022-02-23,1000,-1.8846508060701324,3.5519086608207995,3.569848846808302,2.742760476939638,0.9906852184991688,0,2.3039772256706432,2.2674977801064577
2026-03-02,2026-02-27,2022-02-24,1000,-1.855500914472193,3.4428836436071446,3.4997554114775524,2.7618698064054708,0.9906097405271969,0,2.2624850127340403,2.2364428714796962
2026-03-03,2026-03-02,2022-02-25,1000,-3.411183450686315,11.636172534236193,3.6634594690107405,2.7783649981065537,0.9906259245771477,0,5.209999367581002,4.474687772430812
2026-03-04,2026-03-03,2022-03-02,1000,1.4095769800393376,1.9869072626568192,4.144666160795033,3.0103707341226187,0.9909159898952086,0,1.7620840261769128,1.9012112201534062
2026-03-05,2026-03-04,2022-03-03,1000,-3.38938905722526,11.487958181238337,4.209425559674733,2.9800561660144735,0.9909516018910957,0,4.946889015189119,4.166429728179429
2026-03-06,2026-03-05,2022-03-04,1000,-1.341991449611947,1.8009410508315746,4.767856791538312,3.21291943492501,0.9907920477457242,0,1.7277110384191954,1.9396223856577195
2026-03-09,2026-03-06,2022-03-07,1000,0.5343258153464685,0.2855040769456684,4.296843706874432,3.1672232274274252,0.9907410080020762,0,1.2429985894828257,1.5243258006004359
2026-03-10,2026-03-09,2022-03-08,1000,1.4719676992466515,2.1666889076254807,4.1117264323926666,3.0800592248139904,0.9909467170761171,0,1.8284057235329305,1.9407965632559718
2026-03-11,2026-03-10,2022-03-09,1000,0.20526863177422616,0.04213521119046285,3.8646173333964695,3.0483538165628206,0.990740621840344,0,1.128423996310681,1.3627654848299773
2026-03-12,2026-03-11,2022-03-10,1000,-2.772180293027202,7.684983577048384,3.32800600927881,3.0004477736896997,0.9894436605260776,0,3.6600404366749655,3.5115589357539236
2026-03-13,2026-03-12,2022-03-11,1000,-0.6816338531958617,0.4646247098226375,3.709668801987946,3.125951769450075,0.990044285193526,0,1.2883734410942846,1.4361895527831894
2026-03-16,2026-03-13,2022-03-14,1000,1.4051753455650287,1.9745177517837977,3.5441375726955853,3.0399875696177063,0.9900421727589221,0,1.7613685006473303,1.822417058985858
2026-03-17,2026-03-16,2022-03-15,1000,-0.676703084018728,0.4579270639204577,3.3748003440352976,3.0060267063288375,0.9900025483509941,0,1.2529555015059821,1.3520262853294684
2026-03-18,2026-03-17,2022-03-16,1000,-1.0118923851338195,1.02392619909181,3.3497675490514824,2.923028536357617,0.990138835360403,0,1.4229165891494617,1.5145617767476185
2026-03-19,2026-03-18,2022-03-17,1000,0.7070498463296547,0.49991948519478835,3.3904076346795966,2.869378531107528,0.9897129675483433,0,1.2283211673532457,1.3684013046277996
2026-03-20,2026-03-19,2022-03-18,1000,-2.448713816387621,5.996199354567628,3.3481057568959978,2.799481652440891,0.9887202766275536,0,3.1713305620865437,2.9993176649760454
2026-03-23,2026-03-20,2022-03-21,1000,2.9173182352802565,8.51074568589871,3.5511855975775086,2.8856823401246947,0.9893383992610294,0,4.009062341541529,3.6638742770012094
2026-03-24,2026-03-23,2022-03-22,1000,-0.5625893882168437,0.31650681973420247,3.2986211175807476,3.0480316933573333,0.9879907112572713,0,1.2183357762419735,1.2894557880628013
2026-03-25,2026-03-24,2022-03-23,1000,1.3078187337610951,1.7103898403764743,3.2010462310339483,2.9570470600565253,0.9874429938506338,0,1.6626025929107833,1.6977998335625604
2026-03-26,2026-03-25,2022-03-24,1000,-2.728297163592829,7.443605412868676,3.2552024592804045,2.913250705996626,0.9879203896348286,0,3.624355305218609,3.466934182365441
2026-03-27,2026-03-26,2022-03-25,1000,-1.1752143892469762,1.3811288606931433,3.624222271473003,3.0451868946060943,0.9887616139572971,0,1.5671071358009871,1.6687225442263525
2026-03-30,2026-03-27,2022-03-28,1000,0.3612285685913566,0.13048607876656043,3.515683281466619,2.986630558021332,0.9892269054302276,0,1.1378359118093397,1.2943493214356667
2026-03-31,2026-03-30,2022-03-29,1000,4.4200894985790935,19.53719117544918,3.3500634032245897,2.8950410199988985,0.9895452914358698,0,7.811501646982754,7.040866261548379
2026-04-01,2026-03-31,2022-03-30,1000,0.8017452177709217,0.6427953942185426,3.7451143352852396,3.37250116423348,0.9906140447147364,0,1.406253667602389,1.4920878662988266
2026-04-02,2026-04-01,2022-03-31,1000,-1.2165879422273642,1.4800862211730126,3.677908741863326,3.2733117992624674,0.9909083525236211,0,1.6379700630398946,1.7047703460173684
2026-04-06,2026-04-02,2022-04-01,1000,0.43783916011030843,0.1917031301261003,3.1775151438600595,3.2147136264082987,0.990899183900166,0,1.2273713144876546,1.2164306360574404
2026-04-07,2026-04-06,2022-04-04,1000,-0.0690051781263458,0.004761714608248712,3.0970532478247863,3.113220378394727,0.9910929269310286,0,1.1371871960308992,1.1319885926626307
2026-04-08,2026-04-07,2022-04-05,1000,3.4376971702885917,11.81776183461019,3.083016129707915,3.0166753353710525,0.9911000012148345,0,5.021634196282179,4.959090348440305
2026-04-09,2026-04-08,2022-04-06,1000,1.6973845190360726,2.8811142054633194,3.5655697760571505,3.2709628791145846,0.9911836222205731,0,2.0658997170709905,2.079361399042566
2026-04-10,2026-04-09,2022-04-07,1000,0.6970187226295264,0.4858350996960966,3.707518725770793,3.2461967391492723,0.9915456234359741,0,1.3271469405461889,1.441403343670617
2026-04-13,2026-04-10,2022-04-08,1000,-0.5223080426792958,0.272805691447477,3.347561301903179,3.1526589020700375,0.9916790272370929,0,1.2347781328406002,1.2897259709687487
2026-04-14,2026-04-13,2022-04-11,1000,1.5158367335524592,2.2977610027869892,3.3379703509844214,3.059240200221733,0.9917117318569909,0,1.869255368825561,1.8937336476343356
2026-04-15,2026-04-14,2022-04-12,1000,1.090103773381432,1.1883262367404366,3.35413251353458,3.027852029375291,0.991813632183073,0,1.5003185627236624,1.5644803777144989
2026-04-16,2026-04-15,2022-04-13,1000,-0.12763243596047896,0.016290038709205763,3.3906524721755793,2.9767158211191647,0.9916863224587483,0,1.0962931063632166,1.2258267689933273
2026-04-17,2026-04-16,2022-04-14,1000,-0.38387763071657127,0.14736203536456827,3.3402706641564484,2.8859085351630873,0.9915805388610818,0,1.1109023818734962,1.2501686356471835
2026-04-20,2026-04-17,2022-04-18,1000,-0.9230504520231558,0.8520221369801523,3.3226427916649377,2.804011585547653,0.9914133993446659,0,1.3349093807769408,1.4571895385866613
2026-04-22,2026-04-20,2022-04-19,1000,-2.9323764089889117,8.598831403994705,3.0654339307855643,2.7432636957708096,0.991245057987905,0,4.143674350431288,3.9252834869315825
2026-04-23,2026-04-22,2022-04-20,1000,-1.9056736321509185,3.631591992275274,3.069838216690364,2.89578205799812,0.9917520192447342,0,2.3173523538443006,2.3046161912261907
2026-04-24,2026-04-23,2022-04-22,1000,0.4291367398846904,0.18415834151886046,3.235592475317418,2.9055218868422608,0.9917631375448815,0,1.1299952158311413,1.2311284769525883
2026-04-27,2026-04-24,2022-04-25,1000,-0.8601230030189666,0.7398115803223653,3.159280900374537,2.833385869287725,0.9916554002423921,0,1.302577544845549,1.3845153159071777
2026-04-28,2026-04-27,2022-04-26,1000,0.24974470921719297,0.06237241978198027,2.8240912087472214,2.766909176237739,0.9913951803734934,0,1.0402731485471313,1.0602724544166677
2026-04-29,2026-04-28,2022-04-27,1000,-2.828750184291466,8.001827605129003,2.7581533867016637,2.6984024404642297,0.9909218565258933,0,3.958054353361902,3.9157153475833653
2026-04-30,2026-04-29,2022-04-28,1000,0.743670636272409,0.5530460152538097,3.1517204630197857,2.836420399189363,0.9915276566058222,0,1.2375231043467203,1.3234228057011632
2026-05-04,2026-04-30,2022-04-29,1000,-1.8460624734697624,3.407946655953297,2.2025132050100167,2.769001350480852,0.9914312790777248,0,2.2492360976848045,2.3368981543441465
2026-05-05,2026-05-04,2022-05-02,1000,0.14140940371980418,0.019996619460390566,2.340770768096754,2.785367769624634,0.9915225080545633,0,1.0315590850579028,0.8590230132007856
2026-05-06,2026-05-05,2022-05-03,1000,-1.6144700146690338,2.6065134282654303,2.2677662880111233,2.7042193294341743,0.9913461205393862,0,1.958682359342848,1.9681701349417557
2026-05-07,2026-05-06,2022-05-04,1000,-2.398080279895272,5.750789028822586,2.3885068029180903,2.6941177501341103,0.991366893143068,0,3.125643050598766,3.2783605307784427
2026-05-08,2026-05-07,2022-05-05,1000,1.1456554313638714,1.3125263674135381,2.6758081686288073,2.7652334002191683,0.9915654622241081,0,1.4917780576379023,1.4747673221979096
2026-05-11,2026-05-08,2022-05-06,1000,-2.2797898757828925,5.197441877722176,2.1505463952689743,2.7295754744990095,0.9915737109448529,0,2.90826705502666,3.182522574764795
2026-05-12,2026-05-11,2022-05-09,1000,-1.1471447492013125,1.3159410756201422,2.266362778881917,2.796540444252192,0.9918343901979596,0,1.4989434567055886,1.3988163309662056
2026-05-13,2026-05-12,2022-05-10,1000,-0.6037754190919921,0.36454475669971065,2.30786807767812,2.754457725367777,0.9917710202374764,0,1.145567786422963,0.9942815517262575
2026-05-14,2026-05-13,2022-05-11,1000,1.924337776476071,3.7030758779728687,2.3124550309407312,2.6832329428520216,0.9915747756673468,0,2.3671022993462048,2.439670993727817
2026-05-15,2026-05-14,2022-05-12,1000,-1.7478597273959557,3.0550136266526646,2.3827207747000254,2.706066806444516,0.9911453611687306,0,2.1244460349774204,2.1503964526990833
2026-05-18,2026-05-15,2022-05-13,1000,-0.20171464227399655,0.04068879690772639,2.4760551441956364,2.713713292172872,0.9911813463018961,0,1.0133116869717098,0.9230995383076374
2026-05-19,2026-05-18,2022-05-16,1000,-2.142939145589905,4.592188181701593,2.4772750821055625,2.638256830667663,0.9910324113962992,0,2.710732940828518,2.7608847761829547
2026-05-20,2026-05-19,2022-05-17,1000,2.2690584711733095,5.148626345603357,2.699516389422414,2.6907337433076477,0.9913910540449121,0,2.903279482205032,2.9003129038526154
2026-05-21,2026-05-20,2022-05-18,1000,1.1279728567495806,1.2723227655638099,2.914346599853574,2.7550615497418436,0.9917788437375018,0,1.475252611446176,1.5062178638947041
2026-05-22,2026-05-21,2022-05-19,1000,-1.734801520419895,3.009536315251179,2.5480211679320286,2.7131853566085753,0.9917128817978168,0,2.1073495648671123,2.1164439343667363
2026-05-25,2026-05-22,2022-05-20,1000,2.232067587357727,4.982125714532945,2.516918384080824,2.7165225004366618,0.9919037753732806,0,2.833361201745816,2.9024899061803913
2026-05-26,2026-05-25,2022-05-23,1000,-0.6469293525440958,0.418517587183123,2.7568167527315284,2.7748699868572024,0.9921696928807137,0,1.1714281094055174,1.1658885629231872
2026-05-27,2026-05-26,2022-05-24,1000,0.6469293525440944,0.41851758718312126,2.7407520530745666,2.7087750070612358,0.9916355127205875,0,1.151000879933436,1.1609340872833125
2026-05-28,2026-05-27,2022-05-25,1000,-0.7968169649176845,0.6349172755806305,2.758559311444624,2.644432981439794,0.9914376459990694,0,1.212552477414091,1.2448711882633696
2026-05-29,2026-05-28,2022-05-26,1000,0.09995003330834232,0.009990009158338739,2.390213794967205,2.5859083398828115,0.9910753259644002,0,0.953940084496062,0.8755623621767884
2026-06-01,2026-05-29,2022-05-27,1000,-1.7128882262967142,2.9339860757859038,2.3630609946624315,2.513780674364251,0.990894894633449,0,2.0889485902199976,2.1015618494285953
2026-06-02,2026-06-01,2022-05-30,1000,0.5068434570458733,0.256890289950212,2.339362965654062,2.526557107505716,0.9912348907123336,0,1.02853357640338,0.9596907254963842
2026-06-03,2026-06-02,2022-05-31,1000,-2.1462244346135217,4.606279323732131,2.3512076491785527,2.4640320935961872,0.9911624807277475,0,2.771206265281539,2.814041176076673
2026-06-05,2026-06-03,2022-06-01,1000,0.2836881335199757,0.08047895710004756,2.4511959439518876,2.523028396393578,0.9915678721611572,0,0.9573576857320268,0.9294085728792822
2026-06-08,2026-06-05,2022-06-02,1000,-0.8015556813650984,0.6424915103286671,2.167680440365761,2.456423986999497,0.991354704258234,0,1.160262253180162,1.0700535352811533
2026-06-09,2026-06-08,2022-06-03,1000,1.8009233838275216,3.243325034416771,2.134178697511518,2.405779443162318,0.9913376659601558,0,2.226012919605086,2.277788291911482
2026-06-10,2026-06-09,2022-06-06,1000,0.3563251415852543,0.12696760652575154,2.036472855346247,2.428279560705254,0.991569216327017,0,0.939470069955761,0.7735661389356607
2026-06-11,2026-06-10,2022-06-07,1000,2.855190192844086,8.152111037313048,1.9770241818915277,2.362735638170485,0.9913898249396409,0,4.3101049919909205,4.805017826353067
2026-06-12,2026-06-11,2022-06-08,1000,0.24660924951934682,0.06081612194849546,2.3664024959221948,2.5106296245820947,0.9919511505227986,0,0.94475702242336,0.8870706892948086
2026-06-15,2026-06-12,2022-06-09,1000,-0.49382816405826774,0.24386625561715938,2.184289508120976,2.448438039614541,0.9917810540791063,0,0.9950510325312141,0.8929361816240148
2026-06-16,2026-06-15,2022-06-10,1000,0.12368585373964222,0.015298190415304167,2.0437321395692005,2.391733933263951,0.9916236623330701,0,0.878414874013505,0.7222630351003743
2026-06-17,2026-06-16,2022-06-13,1000,0.8615437905615213,0.7422577030551145,2.0424626092445792,2.3301459863689042,0.9913383209219307,0,1.164476499997508,1.0775693581551629
2026-06-18,2026-06-17,2022-06-14,1000,-0.7627051366046123,0.5817191254030603,1.8499660853122557,2.2878483590633305,0.9912545096170443,0,1.0818765159920025,0.9296158417001379
2026-06-19,2026-06-18,2022-06-15,1000,-1.5430868650806255,2.3811170731843525,1.6216207243022407,2.2402202051878746,0.9911406590402938,0,1.869468371550512,1.9517824372049608
2026-06-22,2026-06-19,2022-06-17,1000,2.648341883987979,7.013714734484998,1.6770604396832678,2.2419443155220793,0.9912185414472368,0,3.9357506855050532,4.6991903858744175
2026-06-23,2026-06-22,2022-06-20,1000,0.26832556652938266,0.07199860965331416,1.8772693606449586,2.367972686320651,0.9917536291823696,0,0.8924393514362335,0.6681710923018847
2026-06-24,2026-06-23,2022-06-21,1000,-0.19507443396575022,0.03805403478705784,1.6317630054009773,2.272906327688607,0.9895409881367805,0,0.8378017894150738,0.5129818385789836
2026-06-25,2026-06-24,2022-06-22,1000,1.7661037245976212,3.1191223660375904,1.612739827781174,2.2111518789640865,0.9894581138931571,0,2.204145939598412,2.4119862885305454
2026-06-26,2026-06-25,2022-06-23,1000,1.2866510593250275,1.6554709484622157,1.7477700667238978,2.241356379517463,0.9898902094679922,0,1.5456834964336807,1.5055310819491372
2026-06-29,2026-06-26,2022-06-24,1000,0.40165440884932047,0.1613262641480971,1.7987977503679768,2.2094415617360252,0.9887408091300542,0,0.8657565565567478,0.6768041300806793
2026-06-30,2026-06-29,2022-06-27,1000,-0.5438008435870716,0.2957193574860107,1.8063645631174645,2.1556635156733974,0.9890220845748884,0,0.9052810939873039,0.7550259728811753
2026-07-01,2026-06-30,2022-06-28,1000,0.6145138695153856,0.3776272958267723,1.67445122720247,2.107125926871511,0.9891964105230029,0,0.924539292879675,0.741008504985459
2026-07-02,2026-07-01,2022-06-29,1000,0.07066305793975203,0.004993267757396752,1.6804880774962978,2.0600625321762975,0.9891454049906755,0,0.7251601805764666,0.5220555934951178
2026-07-03,2026-07-02,2022-06-30,1000,0.6337305565821799,0.40161441834595957,1.4504237746975612,2.003607332994351,0.9890723402939635,0,0.8953948944338016,0.6487503083162082
2026-07-06,2026-07-03,2022-07-01,1000,-0.42204048576126557,0.178118171621605,1.466480547759857,1.9515634075276604,0.9884926061680043,0,0.759900275841089,0.5043249660082745
2026-07-07,2026-07-06,2022-07-04,1000,-0.3059185819155529,0.09358617876122284,1.443261880824504,1.9044588373860136,0.9885697357588208,0,0.6933384559816304,0.4317492656205097
2026-07-08,2026-07-07,2022-07-05,1000,-1.2808524255289955,1.640582935983511,1.2857749380417263,1.8544106973492518,0.9885390292895498,0,1.502259300505305,1.5273103597619517
2026-07-09,2026-07-08,2022-07-06,1000,1.6572348976178684,2.7464275058825067,1.3614557045146143,1.8574717182326712,0.9888582387798016,0,2.09780002566446,2.325827257702061
2026-07-10,2026-07-09,2022-07-07,1000,3.9365193115967623,15.496184290574247,1.0911715279430871,1.8935092724804445,0.9892540149302841,0,8.8222757555261,14.288671118225887
2026-07-13,2026-07-10,2022-07-08,1000,-1.7764074503402636,3.155623429624396,1.8629399363743748,2.2773312663907914,0.990411474162654,0,2.208671543744201,2.316050199223588
2026-07-14,2026-07-13,2022-07-11,1000,0.2524384587830971,0.06372517547278542,2.0085277950747367,2.2983781547213065,0.990804592655428,0,0.8599298732077126,0.7291293191997564
2026-07-15,2026-07-14,2022-07-12,1000,-1.1294346174507952,1.2756225550962241,2.0109491443276104,2.2408255232449856,0.9905890402741003,0,1.376108894944586,1.332945367127678
2026-07-16,2026-07-15,2022-07-13,1000,-1.377078594162724,1.8963454545011842,2.0376173869296665,2.2143860374249167,0.9908145895214936,0,1.6513504573074413,1.6424492543691513
2026-07-17,2026-07-16,2022-07-14,1000,-1.396307149128664,1.9496736547078173,2.103348703384573,2.204986887885184,0.9910278206942922,0,1.674932559434016,1.6704686070385937
2026-07-20,2026-07-17,2022-07-15,1000,0.807030252413579,0.6512978283107249,2.081776532460746,2.1985844565899026,0.9911413725207392,0,1.0840487980509725,1.0460783756224927
2026-07-21,2026-07-20,2022-07-18,1000,0.5422623213310055,0.29404842513529067,1.763655687152032,2.16035389676568,0.9909803325001958,0,0.9063832789131164,0.7341154115594807
2026-07-22,2026-07-21,2022-07-19,1000,0.8662116668429057,0.7503226517747651,1.774758177926131,2.113717476566001,0.9909209295171125,0,1.10342597400919,0.9964387606477287
2026-07-23,2026-07-22,2022-07-20,1000,-0.7956980900582274,0.633135450522311,1.8103716087755164,2.0593382326148775,0.988963078870742,0,1.0298307568803169,0.9432589224113144
2026-07-24,2026-07-23,2022-07-21,1000,-1.086710434505325,1.180939568462752,1.6860722629997522,2.0218244116826756,0.9888999114526318,0,1.2880962862542136,1.2228103520381894
2026-07-27,2026-07-24,2022-07-22,1000,1.3916960081534808,1.9368177791103334,1.6623456939997794,2.0024330360362077,0.9891675364853569,0,1.661595193334248,1.6733409895572806
2026-07-28,2026-07-27,2022-07-25,1000,0.3974289275560306,0.15794975245833662,1.7511202697478907,2.005070266514552,0.9894154974901231,0,0.7744542764617612,0.6504549972407314
2026-07-29,2026-07-28,2022-07-26,1000,-2.456429604494343,6.0340464018362345,1.7442317894965071,1.9560987282419384,0.9892247856172329,0,3.7556871427340823,4.015743433615277
2026-07-30,2026-07-29,2022-07-27,1000,2.176055589051402,4.735217926641845,2.02705274479698,2.073260827093436,0.9899377769537968,0,3.0130696853881336,3.04259409406868
2026-07-31,2026-07-30,2022-07-28,1000,0.35034486377875246,0.12274152357615262,2.2635639777412027,2.1447562909477242,0.9904939144920857,0,0.8202545863286864,0.8711654494696572
2026-08-03,2026-07-31,2022-07-29,1000,0.6507111038597155,0.4234249406863295,2.2496203330027122,2.092601061811295,0.9906649433948496,0,0.940751662364493,0.9989820841325701
2026-08-04,2026-08-03,2022-08-01,1000,-2.509806887905047,6.299130614575617,2.261885671455949,2.050265884262362,0.9908332209734263,0,3.7903176431859262,3.6011011358582894
2026-08-05,2026-08-04,2022-08-02,1000,0.6628812151817344,0.4394115054408128,2.5721628932466682,2.157080856993038,0.9913073943267182,0,0.9724624053389026,1.115580604941194
2026-08-06,2026-08-05,2022-08-03,1000,-1.3062767386046061,1.7063589178194865,2.5121043217195336,2.114478837894786,0.9913452128431938,0,1.555796308018858,1.6003755767684402
2026-08-07,2026-08-06,2022-08-04,1000,-2.615794576723528,6.842381267616222,2.4601008923163823,2.1030864761278787,0.9914728705250719,0,3.9969009843664347,3.681544090535364
2026-08-10,2026-08-07,2022-08-05,1000,-0.8131127711396761,0.6611523785904432,2.027410741168481,2.222179056171903,0.9914202671347623,0,1.0960126210001375,1.0328662570462928
2026-08-11,2026-08-10,2022-08-08,1000,-3.5763065845828517,12.789968786930661,1.9026871886167833,2.1860012441064844,0.9912508472734943,0,6.632925517821331,7.365322647325317
2026-08-12,2026-08-11,2022-08-09,1000,-1.4723241552893829,2.167738418248595,2.538999369189677,2.448965521822668,0.9917846163477511,0,1.7808306390163011,1.7855467210011269
2026-08-13,2026-08-12,2022-08-10,1000,-0.3127445864194846,0.09780917633469448,2.583605162347296,2.4597112702589,0.9910285731774789,0,0.9398084681721238,0.9870434064049246
2026-08-14,2026-08-13,2022-08-11,1000,1.7850687417088853,3.186470412626143,2.493678348438971,2.4025430330093505,0.9906666233426626,0,2.2028184449928956,2.191578205279457
2026-08-17,2026-08-14,2022-08-12,1000,-1.602515555009254,2.5680561040466174,2.5555181863348877,2.4138013411357013,0.991105763686813,0,1.9451081513545023,1.943161229203057
2026-08-18,2026-08-17,2022-08-15,1000,-0.49627893421291247,0.2462927805435043,2.651356100121682,2.4152709141760926,0.9912399568817154,0,0.9837846094869671,1.0679643801525003
2026-08-19,2026-08-18,2022-08-16,1000,0.4702203021436102,0.22110713254802808,2.6489683178920926,2.3532677513604674,0.9914260076430506,0,0.9497623853210068,1.0576393996932023
2026-08-20,2026-08-19,2022-08-17,1000,-2.2668340165065075,5.138536458391025,2.622507541930756,2.295473269137787,0.9915563653074289,0,3.0694911185125617,2.9235290994830425
2026-08-21,2026-08-20,2022-08-18,1000,2.864471237698928,8.205195471604428,2.8477775923241913,2.357752092761406,0.9919323936797033,0,4.337801203075744,3.927801638982878
2026-08-24,2026-08-21,2022-08-19,1000,0.3362217055875525,0.11304503530820283,3.198990387481275,2.489164746677057,0.9923259312179454,0,0.9573620577720112,1.1981729788353261
2026-08-25,2026-08-24,2022-08-22,1000,1.816603620777376,3.300048715021472,3.1078017502911686,2.443246344701772,0.9919622907807236,0,2.2440095650810994,2.195775112145031
2026-08-26,2026-08-25,2022-08-23,1000,0.025351755744875658,0.0006427115193478359,3.2649066984193253,2.4586994793454826,0.9921280050071862,0,0.8998939462583131,1.183428040514727
2026-08-27,2026-08-26,2022-08-24,1000,-0.8911580300563163,0.7941626345338544,2.9632365139034813,2.3861158184965165,0.9922718898792643,0,1.2024933876957777,1.3542872338479404
2026-08-28,2026-08-27,2022-08-25,1000,0.22991452202199003,0.05286068743660014,2.766183749298082,2.3376298654068766,0.992371450059059,0,0.8717504795485201,1.036578270572469
2026-08-31,2026-08-28,2022-08-26,1000,0.8385260668127134,0.703125964724399,2.7626897074911043,2.281236382799681,0.9923551836785596,0,1.1329390099526275,1.2707124953230196
2026-09-01,2026-08-31,2022-08-29,1000,0.9068072213970518,0.8222993367778417,2.776674758693008,2.2379597749032873,0.9923598407302776,0,1.1729972172761247,1.3173994384745185
2026-09-02,2026-09-01,2022-08-30,1000,3.7647452463838147,14.17330677016953,2.502833194803119,2.198440587181003,0.99231896160742,0,7.234730228865033,6.580328430910762
2026-09-03,2026-09-02,2022-08-31,1000,1.2240642455311066,1.4983332771876372,3.189527958039555,2.4405668863621286,0.9926723655455433,0,1.5061587237645286,1.6296393963522382
2026-09-04,2026-09-03,2022-09-01,1000,0.0,0.0,3.1791266760079626,2.4331026216007063,0.9926726035672138,0,0.8891672419503897,1.1566065288881349
2026-09-08,2026-09-04,2022-09-02,1000,1.2092619201446786,1.462314391511995,2.8370076126271515,2.3744688658704725,0.9926142437373199,0,1.4806228254578269,1.5581923726956277
2026-09-09,2026-09-08,2022-09-05,1000,-1.999590545941305,3.998362351417846,2.8770657132732294,2.3486107473606768,0.9925805642468013,0,2.5562612019324513,2.4465071182247615
2026-09-10,2026-09-09,2022-09-06,1000,1.810866734324313,3.279238329482402,2.4374853914975882,2.380058449345915,0.9926257162143138,0,2.244922440101081,2.236303538982912
2026-09-11,2026-09-10,2022-09-08,1000,0.8932828557870165,0.7979542604430077,2.4930603870592787,2.386791253568342,0.9925816090765602,0,1.2042708174796197,1.2335811963082228
2026-09-14,2026-09-11,2022-09-09,1000,-0.8932828557870074,0.7979542604429914,2.5280676412646943,2.3395960193924745,0.9924148473897498,0,1.1910432492823613,1.2430932510662664
2026-09-15,2026-09-14,2022-09-12,1000,0.7527676101845161,0.5666590749429076,2.408641833655537,2.295370803713844,0.9922160072771345,0,1.077764786104583,1.1143238633094368
2026-09-16,2026-09-15,2022-09-13,1000,-0.11724705294376021,0.013746871423996911,2.308571982200351,2.2517092234664955,0.9920267945498727,0,0.8177946655755297,0.8425838515805247
2026-09-17,2026-09-16,2022-09-14,1000,-0.09389672051376703,0.008816594123240479,2.2969446867443755,2.198084606885317,0.9917642330366716,0,0.791597382832683,0.8354182434788616
2026-09-18,2026-09-17,2022-09-15,1000,-0.5888604932501099,0.34675668051076275,2.2863301598231365,2.1442226272440963,0.9913956168314912,0,0.9244938092749302,0.978613164123473
2026-09-21,2026-09-18,2022-09-16,1000,1.7562797755355475,3.084518649955193,2.046741170929123,2.0987808595438384,0.9909872157801852,0,2.2110282454913794,2.223287798134277
2026-09-22,2026-09-21,2022-09-19,1000,0.2318572798473592,0.05375779821821664,1.7907073298466618,2.104378296413619,0.9906151468988703,0,0.769565768632086,0.6126311248833345
2026-09-23,2026-09-22,2022-09-20,1000,-1.893686044819355,3.5860468363435727,1.7877429679921621,2.0818049467928366,0.9911775265759243,0,2.4558014803084696,2.58686130553435
2026-09-24,2026-09-23,2022-09-21,1000,-1.187098460741592,1.409202755495057,1.8020428740582666,2.1222994935114206,0.991630895761458,0,1.4164982318797068,1.370923852529844
2026-09-25,2026-09-24,2022-09-22,1000,0.6190495959873356,0.3832224022920834,1.872470876257053,2.1003201220342356,0.9914119757735469,0,0.9245488165240464,0.8319202248348511
2026-09-28,2026-09-25,2022-09-23,1000,-1.0019167782071359,1.003837230452967,1.8519238646449643,2.067316332568582,0.9913440394806564,0,1.2118263579205784,1.1582760513321015
