datetime,return_pct
2014-08-29,2.2551694761660896
2014-09-01,0.34627784318196714
2014-09-02,1.8106684964603497
2014-09-03,-0.3400537455064299
2014-09-04,-2.064970133698079
2014-09-05,0.7423939435057083
2014-09-08,-2.6228555222009597
2014-09-09,-1.5559553367212806
2014-09-10,-1.0855625486985063
2014-09-11,-0.1560468277850223
2014-09-12,-3.657974726892081
2014-09-15,2.506129513138286
2014-09-16,2.5475773874529835
2014-09-17,0.4353957471734021
2014-09-18,-1.1825330930096758
2014-09-19,-2.407862994964696
2014-09-22,-1.3602023365526805
2014-09-23,-0.4845230993823819
2014-09-24,0.7794690375019415
2014-09-25,-3.1826431634640864
2014-09-26,4.115361463920718
2014-09-29,-7.25992154188663
2014-09-30,-3.4531212146785237
2014-10-01,-2.7234961719799817
2014-10-02,3.2828969602263967
2014-10-03,2.32163652858666
2014-10-06,5.225382002321607
2014-10-07,0.16322090968389913
2014-10-08,-1.313288420167384
2014-10-09,1.2589110237598626
2014-10-10,-3.994983343367648
2014-10-13,7.285369768613393
2014-10-14,0.9168368215316846
2014-10-15,-4.588695144680989
2014-10-16,-2.6837964115148734
2014-10-17,2.8747142949204543
2014-10-20,-2.482886150953598
2014-10-21,-5.600889431561655
2014-10-22,-0.20700878616778154
2014-10-23,-4.635086840033653
2014-10-24,2.752467324150554
2014-10-27,-3.530681368356039
2014-10-28,5.767911216786694
2014-10-29,-2.933463912879987
2014-10-30,7.770330637120809
2014-10-31,3.2354543448843907
2014-11-03,-0.4089985116946523
2014-11-04,1.894508650402972
2014-11-05,-1.1052815650977477
2014-11-06,-3.700035542280834
2014-11-07,1.673679317764606
2014-11-10,-0.2770085692094645
2014-11-11,-0.055493845161882716
2014-11-12,0.7465816671801859
2014-11-13,-3.2762275007553874
2014-11-14,0.4827497687531715
2014-11-17,-0.7392697952296337
2014-11-18,2.869395186135031
2014-11-19,3.9423345905674907
2014-11-21,6.3771765367833675
2014-11-24,-2.0978907229418615
2014-11-25,1.269052564563137
2014-11-26,-0.8357652777879828
2014-11-27,-1.4860637276187447
2014-11-28,-0.36203813041723615
2014-12-01,-4.287505079924673
2014-12-02,-1.525915147263347
2014-12-03,1.2822437068440673
2014-12-04,-1.5021448372709558
2014-12-05,1.8809332142708197
2014-12-08,-3.79792477519857
2014-12-09,0.3919377007146936
2014-12-10,-1.5202995161833437
2014-12-11,1.1283618154686668
2014-12-12,-5.476872936471034
2014-12-15,-2.156417837713184
2014-12-16,-0.48558516653234635
2014-12-17,4.926812365286595
2014-12-18,-0.755817559967266
2014-12-19,1.5347051146055584
2014-12-22,0.6872879200511608
2014-12-23,0.4555816478354789
2014-12-26,-1.4306395647205425
2014-12-29,0.2877699968338982
2014-12-30,-0.5763704999011053
2015-01-02,-2.2505699442538627
2015-01-05,0.5012541852663787
2015-01-06,1.6047026025208604
2015-01-07,3.5540343178042373
2015-01-08,1.5521375706612672
2015-01-09,-4.47143233362611
2015-01-12,-2.4455367277490367
2015-01-13,-0.11795935258579321
2015-01-14,0.6763736832853415
2015-01-15,-0.8831378865347763
2015-01-16,1.5258512172782064
2015-01-19,-3.6777572994877556
2015-01-20,0.3317753242450717
2015-01-21,2.9082168078623805
2015-01-22,0.4959893492517256
2015-01-23,-0.9650608572067658
2015-01-26,1.168578869153074
2015-01-27,-0.3782923580192296
2015-01-28,-2.061928676893545
2015-01-29,-0.6868774027739687
2015-01-30,-1.4184635466400668
2015-02-02,1.2685159558767976
2015-02-03,2.752874752785345
2015-02-04,3.6127782329987923
2015-02-05,-0.8484213507543402
2015-02-06,-0.22746668603552864
2015-02-09,0.624292581159549
2015-02-10,-1.2811563414671694
2015-02-11,-4.1538583622516825
2015-02-12,2.5944851900687107
2015-02-13,3.263959913595222
2015-02-18,0.589806548361188
2015-02-19,-0.028007359330269065
2015-02-20,0.5308017254455629
2015-02-23,0.9704775467094499
2015-02-24,1.0431058449046604
2015-02-25,0.24546583153228696
2015-02-26,0.4891313537352604
2015-02-27,-1.062825080650554
2015-03-02,-0.4943706963846086
2015-03-03,0.7679686917299413
2015-03-04,-0.8781615050585189
2015-03-05,-0.885941621663132
2015-03-06,-2.7059147785268887
2015-03-09,-2.6343975281807004
2015-03-10,-4.010112412634584
2015-03-11,3.3331414129134256
2015-03-12,0.41261484057663966
2015-03-13,-0.5012541852663819
2015-03-16,0.0
2015-03-17,2.8269404441549693
2015-03-18,2.972617997797608
2015-03-19,-0.6155587178200012
2015-03-20,0.8384621230274631
2015-03-23,-0.6421912863418482
2015-03-24,-0.6181530402758719
2015-03-25,-0.08459047128955328
2015-03-26,-2.86142555104025
2015-03-27,-1.7569998241826812
2015-03-30,3.312330679133816
2015-03-31,0.9103903449867673
2015-04-01,3.3146050843443944
2015-04-02,0.9543358180565358
2015-04-06,1.2137708276917616
2015-04-07,0.05360494875394685
2015-04-08,0.48115564428968205
2015-04-09,-2.0202707317519466
2015-04-10,0.7320081646167946
2015-04-13,-0.7864446963849091
2015-04-14,0.0
2015-04-15,1.4326504911594755
2015-04-16,-0.754313945361528
2015-04-17,-1.2791030050652403
2015-04-20,-1.6848900391461172
2015-04-22,2.7474255555966596
2015-04-23,2.6739561695233225
2015-04-24,3.1938323966546993
2015-04-27,-1.8831976468015224
2015-04-28,1.0105021649867103
2015-04-29,-1.3757517667278487
2015-04-30,0.7032194778822947
2015-05-04,1.0841613701501556
2015-05-05,-0.9804000451702691
2015-05-06,-2.547072159112424
2015-05-07,0.3981425168185521
2015-05-08,1.31580845775112
2015-05-11,-0.47169899816445887
2015-05-12,-0.4475457682669981
2015-05-13,-0.6883797446126951
2015-05-14,0.9781967916805767
2015-05-15,1.850697973653951
2015-05-18,-2.696145535344337
2015-05-19,-1.4161893569387667
2015-05-20,-1.792065330417179
2015-05-21,-1.2128042321536499
2015-05-22,-2.1301253909053988
2015-05-25,0.36759546307436264
2015-05-26,-1.478559792809166
2015-05-27,2.0133957105227056
2015-05-28,-1.1861195281820456
2015-05-29,-2.5026475443008565
2015-06-01,-0.7308905508696125
2015-06-02,2.2055450108643835
2015-06-03,-2.5582790220600926
2015-06-05,-2.414064533696495
2015-06-08,-0.42321705286566924
2015-06-09,-0.6382030864872286
2015-06-10,2.8848154725538184
2015-06-11,-0.6239805957166478
2015-06-12,-1.048698763896549
2015-06-15,0.5107416868849193
2015-06-16,3.4750257553356763
2015-06-17,-1.78132906321133
2015-06-18,2.4448249171797936
2015-06-19,-1.1276684966042954
2015-06-22,0.2903602648050796
2015-06-23,0.9809657486563652
2015-06-24,0.34393846120570837
2015-06-25,-1.7316450149931242
2015-06-26,0.869570668200795
2015-06-29,-1.2779726849800117
2015-06-30,0.029227028069094437
2015-07-01,0.5246296027443321
2015-07-02,1.328347536585433
2015-07-03,-1.0090903122398955
2015-07-06,-1.7244326242804882
2015-07-07,0.3825222076748186
2015-07-08,-1.151984432536613
2015-07-10,2.985296332183793
2015-07-13,0.9184909463449171
2015-07-14,0.06854783685324294
2015-07-15,-1.7424803497646024
2015-07-16,0.28721900468475886
2015-07-17,-0.6073217341237083
2015-07-20,-0.6110325354219759
2015-07-21,-0.8422466402889908
2015-07-22,-1.5738029860476879
2015-07-23,-4.253087858396584
2015-07-24,-0.4492835940454921
2015-07-27,-0.2080444884196275
2015-07-28,1.8229223478282923
2015-07-29,0.9835589052718061
2015-07-30,-1.2565966068127754
2015-07-31,2.763910353188782
2015-08-03,-0.533334576440714
2015-08-04,-2.4358444387623788
2015-08-05,-0.17137962186454353
2015-08-06,-0.3780722883545835
2015-08-07,-2.9706885034871755
2015-08-10,1.30398324265639
2015-08-11,-0.21030497214708718
2015-08-12,-2.919395656316617
2015-08-13,-3.6046565984892434
2015-08-14,-0.11242265388089535
2015-08-17,-1.055418725783573
2015-08-18,1.6535513264901325
2015-08-19,-2.071247106086008
2015-08-20,0.22805030344554045
2015-08-21,0.22753141713399305
2015-08-24,-1.989354058379835
2015-08-25,-0.2708456878565576
2015-08-26,5.868550956357033
2015-08-27,3.4826712045565635
2015-08-28,-2.8997916170648366
2015-08-31,-3.6246570454820533
2015-09-01,-2.4014876315139495
2015-09-02,2.326129638492151
2015-09-03,3.7363325126652502
2015-09-04,-4.1518194229715295
2015-09-08,1.09167282285216
2015-09-09,1.116913982829237
2015-09-10,-2.0195151197873247
2015-09-11,0.1887149638069798
2015-09-14,3.9554222387063764
2015-09-15,2.4347783326464234
2015-09-16,2.514977180394372
2015-09-17,0.0
2015-09-18,-4.011797694988757
2015-09-21,-2.251365920639878
2015-09-22,0.9502995523489359
2015-09-23,-4.045829186970813
2015-09-24,1.1299554386808008
2015-09-25,-2.464579687849408
2015-09-28,-0.07680487326292598
2015-09-29,-0.42348475695209736
2015-09-30,2.2507148988246324
2015-10-01,1.3860494596497346
2015-10-02,3.974999223460898
2015-10-05,2.0874629630821393
2015-10-06,0.9062453134809516
2015-10-07,2.8055209904211873
2015-10-08,0.37043316066624365
2015-10-09,-0.6745387873394169
2015-10-13,-5.4951236403110855
2015-10-14,-0.9339148369312834
2015-10-15,-1.6739838326324152
2015-10-16,-1.5160209032098029
2015-10-19,2.3565155152316377
2015-10-20,-2.058896176409484
2015-10-21,-0.74571566471839
2015-10-22,2.074148431910262
2015-10-23,-0.6620105241028814
2015-10-26,-1.4870162730084695
2015-10-27,-0.5633816865504803
2015-10-28,0.675678177576589
2015-10-29,-2.7689991675754304
2015-10-30,1.7915477725648346
2015-11-03,6.189051488953621
2015-11-04,0.24827118703194415
2015-11-05,1.1971973111184115
2015-11-06,-1.5165164159599196
2015-11-09,-2.5919377334451985
2015-11-10,0.6180713648145092
2015-11-11,2.682084677467527
2015-11-12,0.2818887506327296
2015-11-13,-2.819098363155605
2015-11-16,2.7839057039440935
2015-11-17,0.7015111704405891
2015-11-18,-0.24496951120393393
2015-11-19,2.696326506126474
2015-11-23,-0.034112285500356894
2015-11-24,0.1363791497950833
2015-11-25,-5.030749831316617
2015-11-26,1.4583220507677888
2015-11-27,-2.6840042939024675
2015-11-30,0.7948018002477208
2015-12-01,0.7171060295081503
2015-12-02,-3.2313575793715894
2015-12-03,6.153586267425435
2015-12-04,-2.245708400435526
2015-12-07,-0.7479998761275644
2015-12-08,-1.150677959437062
2015-12-09,5.282918471704563
2015-12-10,-1.2079525370578597
2015-12-11,0.0
2015-12-14,-2.3894320036879835
2015-12-15,0.6380737057956168
2015-12-16,-0.6736419665175787
2015-12-17,1.6931621540307782
2015-12-18,-5.9816099163506085
2015-12-21,-1.874117872695969
2015-12-22,0.6411487552334352
2015-12-23,-0.3766483068629438
2015-12-28,-0.37807222670604185
2015-12-29,0.07572884880224018
2015-12-30,-0.3412326089009381
2016-01-04,-4.664662187692254
2016-01-05,0.8321823677127262
2016-01-06,-0.3954136620683428
2016-01-07,-1.9200590891262592
2016-01-08,0.04037963470818082
2016-01-11,-1.1776786074619323
2016-01-12,0.44833986356744476
2016-01-13,-1.557408512243656
2016-01-14,1.4353332905080824
2016-01-15,-2.6404174995307184
2016-01-18,-1.17747360789121
2016-01-19,-1.0204170723062633
2016-01-20,-1.4202950344717031
2016-01-21,0.21649722603243912
2016-01-22,0.9470582200364643
2016-01-26,1.0654266861270938
2016-01-27,0.38079171565356784
2016-01-28,0.6734031914832832
2016-01-29,4.550898026461631
2016-02-01,2.0627466862187696
2016-02-02,-9.119615653039313
2016-02-03,4.046063824717873
2016-02-04,1.4353332905080824
2016-02-05,0.9724549503828142
2016-02-10,0.4827040557036571
2016-02-11,-3.0144848911698094
2016-02-12,0.7827022373338839
2016-02-15,-0.32881244936802695
2016-02-16,2.399952504732053
2016-02-17,1.0793628472252044
2016-02-18,-2.048675820089324
2016-02-19,-1.5130119023027115
2016-02-22,3.76029757837295
2016-02-23,-1.6403649389551702
2016-02-24,-0.932124171865503
2016-02-25,-0.12222461003868698
2016-02-26,0.5691072503209221
2016-02-29,2.916124389769221
2016-03-01,4.540987876317266
2016-03-02,2.3057920358736976
2016-03-03,9.430700224705191
2016-03-04,4.769029147741405
2016-03-07,-0.44757109779285315
2016-03-08,2.218088419832692
2016-03-09,-3.3782689671294706
2016-03-10,3.84723965524826
2016-03-11,0.8386444399546752
2016-03-14,-0.4650450163851012
2016-03-15,-4.5455147121880115
2016-03-16,-3.004021940057533
2016-03-17,10.36835076014558
2016-03-18,0.27153437474941294
2016-03-21,0.030125000992928128
2016-03-22,-2.59358558333447
2016-03-23,-3.2357149437605184
2016-03-24,-1.0592299446123261
2016-03-28,2.454306486271093
2016-03-29,0.5964544385036155
2016-03-30,0.5617992431810946
2016-03-31,-2.9051617114119
2016-04-01,0.6387757730580521
2016-04-04,-3.564862288533438
2016-04-05,0.19775882788395505
2016-04-06,-2.906501625091915
2016-04-07,1.0789046322190223
2016-04-08,6.113737132779616
2016-04-11,0.5034623401814369
2016-04-12,4.420609283496877
2016-04-13,1.223713227931658
2016-04-14,-2.950244058068864
2016-04-15,0.6395636494325864
2016-04-18,-0.7312647239134816
2016-04-19,0.5489492409712827
2016-04-20,-1.872656389790576
2016-04-22,-1.8452439261311455
2016-04-25,-0.8877674392130981
2016-04-26,3.4124456657071223
2016-04-27,3.3593717495496125
2016-04-28,-0.6868774102640339
2016-04-29,-1.509690550926786
2016-05-02,-2.838820643047095
2016-05-03,-5.931483815186278
2016-05-04,2.4279407996586717
2016-05-05,-1.5023143926340718
2016-05-06,0.03290012864496167
2016-05-09,0.6230550423073948
2016-05-10,6.087457587406288
2016-05-11,-0.6170954235353079
2016-05-12,0.985533037977215
2016-05-13,-3.8424217756577015
2016-05-16,-1.5404669310288106
2016-05-17,-2.157651487612265
2016-05-18,1.5412668087480195
2016-05-19,-0.8496783171795191
2016-05-20,-1.2882094329540905
2016-05-23,0.331895449827657
2016-05-24,-0.0994531055249909
2016-05-25,-0.46542631668863377
2016-05-27,-1.0046969957168337
2016-05-30,-0.033664346414533024
2016-05-31,-2.2128562973935204
2016-06-01,1.4354313274109658
2016-06-02,1.1135597645377364
2016-06-03,0.2680965897349753
2016-06-06,-0.975289328147299
2016-06-07,1.6091530701802872
2016-06-08,1.5181809515639502
2016-06-09,-0.22954593729434536
2016-06-10,-5.257275177535748
2016-06-13,0.44881825466777053
2016-06-14,-1.4573470785551905
2016-06-15,-0.49054059699798325
2016-06-16,1.810004170709462
2016-06-17,-0.24175457407394704
2016-06-20,1.646127717098746
2016-06-21,-0.0340193709888835
2016-06-22,-1.7505166672351968
2016-06-23,3.8048067654068403
2016-06-24,-3.5627178335314813
2016-06-27,-3.4080234034559953
2016-06-28,3.4425598099477357
2016-06-29,2.2196574297553373
2016-06-30,2.3035570803844694
2016-07-01,1.99320433918007
2016-07-04,-0.06472488256943186
2016-07-05,-0.7147529614675457
2016-07-06,0.390498438590027
2016-07-07,1.001785775544707
2016-07-08,2.665132325186915
2016-07-11,0.9658900247775845
2016-07-12,-0.8407336378464235
2016-07-13,2.04278229333292
2016-07-14,2.8094280980017023
2016-07-15,-0.3282114802608178
2016-07-18,1.6891792780710224
2016-07-19,-0.5894506147659809
2016-07-20,1.5545114858893732
2016-07-21,-1.3478083180964848
2016-07-22,0.6175582294501951
2016-07-25,-0.7651597099223485
2016-07-26,-1.2784476519963905
2016-07-27,0.38823399317533985
2016-07-28,-1.1089578053225013
2016-07-29,1.8217615748228217
2016-08-01,-1.071120054115205
2016-08-02,1.1894282561151834
2016-08-03,4.083381845358431
2016-08-04,0.5659325078351303
2016-08-05,-0.5943133623125584
2016-08-08,-0.6549931403370514
2016-08-09,0.19980027443892395
2016-08-10,-0.8303554738975184
2016-08-11,2.5267490555290477
2016-08-12,0.7540881842103375
2016-08-15,1.0517672272024337
2016-08-16,-0.41385077602236925
2016-08-17,1.3183382462727287
2016-08-18,-0.1911785447261949
2016-08-19,-0.6582579733973091
2016-08-22,-1.945046115541808
2016-08-23,-0.16849199846106425
2016-08-24,-0.4789415766994285
2016-08-25,-0.3111302219488892
2016-08-26,1.2107707775659071
2016-08-29,1.747859736236829
2016-08-30,0.6578971451346487
2016-08-31,-2.070467393501948
2016-09-01,0.9439271089827594
2016-09-02,1.4538728060220414
2016-09-05,0.027229391610730493
2016-09-06,0.9483880644481508
2016-09-08,-1.193720042041636
2016-09-09,-3.8675011045681877
2016-09-12,1.2965232783309897
2016-09-13,-2.008270075179192
2016-09-14,0.08567764854856771
2016-09-15,2.1463687349243017
2016-09-16,-2.2892055391350516
2016-09-19,0.7121522959992377
2016-09-20,0.22682174975186112
2016-09-21,0.9582936857581347
2016-09-22,1.586230543839045
2016-09-23,-0.24879070430223732
2016-09-26,-0.7779978429895147
2016-09-27,1.137163830105475
2016-09-28,0.7144850427452656
2016-09-29,-2.5795356280287023
2016-09-30,-0.196878147853808
2016-10-03,2.3098286349064514
2016-10-04,0.8764777758369942
2016-10-05,1.9444307347985732
2016-10-06,0.8256805287209916
2016-10-07,0.9240989637563248
2016-10-10,0.131319762650746
2016-10-11,-0.34179076077388715
2016-10-13,1.126108505499198
2016-10-14,1.883197690116543
2016-10-17,2.17399866302534
2016-10-18,1.3807708261412366
2016-10-19,-1.6411746560146978
2016-10-20,0.3029053093273788
2016-10-21,-0.16510732573140566
2016-10-24,-0.857424702027271
2016-10-25,-0.5291754568601374
2016-10-26,0.6124740713377704
2016-10-27,2.114592084439733
2016-10-28,0.8388629944419412
2016-10-31,3.4170983921288753
2016-11-01,-3.0405514341232918
2016-11-03,-2.171048664073145
2016-11-04,0.8196767306741413
2016-11-07,3.5288344526069984
2016-11-08,0.23612768022771707
2016-11-09,-2.763193932880553
2016-11-10,-5.595477748242201
2016-11-11,-1.2903404120477382
2016-11-14,-0.6079046681696867
2016-11-16,4.8181605636276625
2016-11-17,-3.4054226141381663
2016-11-18,1.3083235354881766
2016-11-21,0.8161013513852691
2016-11-22,0.3357585622822873
2016-11-23,-0.9260624565344368
2016-11-24,-1.048613861893368
2016-11-25,-0.6861090234227981
2016-11-28,2.100559837129852
2016-11-29,-2.4453877576600545
2016-11-30,1.9384871897361216
2016-12-01,-4.681583032916368
2016-12-02,0.41334571293919886
2016-12-05,-0.3541916260817075
2016-12-06,1.3217992286657307
2016-12-07,-0.7909810953657205
2016-12-08,-0.5899722201575021
2016-12-09,0.2954211934734646
2016-12-12,-4.217492496758036
2016-12-13,0.46047667559858874
2016-12-14,-0.21462527620773075
2016-12-15,-0.3998160512415709
2016-12-16,-1.8035314443943684
2016-12-19,-2.735539527199089
2016-12-20,2.5156557049217927
2016-12-21,-0.031451544347231734
2016-12-22,0.8145408801350442
2016-12-23,1.3019402782889393
2016-12-26,0.7975502745176586
2016-12-27,-0.06112474679305927
2016-12-28,2.3267403933077047
2016-12-29,1.0990754055613523
2017-01-02,-0.9498439483408139
2017-01-03,4.147790861053532
2017-01-04,0.428266155557094
2017-01-05,1.358255205238399
2017-01-06,0.3367006475796874
2017-01-09,0.4750602988270856
2017-01-10,-0.3351022331639062
2017-01-11,0.19561271187163132
2017-01-12,2.5087462901983
2017-01-13,-2.0630630729788946
2017-01-16,0.08334489791042758
2017-01-17,2.658054824057232
2017-01-18,-0.7872987746450887
2017-01-19,-0.5465987430676388
2017-01-20,0.3009989383956736
2017-01-23,3.3054198492078286
2017-01-24,-0.23818987883600268
2017-01-26,1.3423020447193834
2017-01-27,-0.524247603057847
2017-01-30,-2.1517631571040634
2017-01-31,0.0
2017-02-01,1.0152371154857103
2017-02-02,-0.29282597616357786
2017-02-03,2.0581201757058523
2017-02-06,-0.7339483220293547
2017-02-07,1.9281473359796835
2017-02-08,2.5479085099472205
2017-02-09,0.451808013328694
2017-02-10,0.3250409050314595
2017-02-13,-0.47541689550209554
2017-02-14,0.32552931178413747
2017-02-15,4.114194294441741
2017-02-16,-1.9625099570813325
2017-02-17,-0.048947617654600845
2017-02-20,0.4640379166665671
2017-02-21,-0.4640379166665708
2017-02-22,0.29332701891636553
2017-02-23,-1.524869693048405
2017-02-24,-0.7962221708577244
2017-03-01,-0.20005009188360182
2017-03-02,-1.0315854547767844
2017-03-03,1.8045602592686432
2017-03-06,-0.3982085644201411
2017-03-07,-1.684938678483998
2017-03-08,-1.1478253693851053
2017-03-09,0.30737728459348096
2017-03-10,0.0511378077626035
2017-03-13,1.7986552200278312
2017-03-14,-0.9839867117449981
2017-03-15,0.9588768607942909
2017-03-16,-1.2890359310984745
2017-03-17,-2.9167120812458194
2017-03-20,1.0940457672680683
2017-03-21,-2.7578898343492098
2017-03-22,1.4015832264455934
2017-03-23,-0.5529968023292694
2017-03-24,1.0768324216848362
2017-03-27,0.7287903355049932
2017-03-28,-0.33770650488434223
2017-03-29,1.47232413679312
2017-03-30,-1.0568470660451001
2017-03-31,-1.8042063207311185
2017-04-03,1.6226474934674902
2017-04-04,0.5178675541770934
2017-04-05,-1.850698011695196
2017-04-06,-0.7923971293816886
2017-04-07,0.7660848604832854
2017-04-10,-0.1843804209296579
2017-04-11,-0.18472101040283093
2017-04-12,-0.13215276259567607
2017-04-13,-1.8417710270820342
2017-04-17,4.374874212612713
2017-04-18,-0.36166403047472623
2017-04-19,-0.8838113585993636
2017-04-20,-1.4729356111861005
2017-04-24,1.9158177433626749
2017-04-25,0.6477545458886033
2017-04-26,0.10325244167270682
2017-04-27,0.6429236314543463
2017-04-28,0.6388165669036203
2017-05-02,1.9922484450007723
2017-05-03,-1.6616696430144962
2017-05-04,-3.3297694787501833
2017-05-05,1.5625318093576326
2017-05-08,0.23228809719639368
2017-05-09,0.2574666748026584
2017-05-10,0.4873679119821757
2017-05-11,1.6999013776260892
2017-05-12,0.9514343398714235
2017-05-15,0.4227284372265481
2017-05-16,-0.12414648509097756
2017-05-17,-2.0583056129446535
2017-05-18,-12.836379622799956
2017-05-19,2.5620530648983166
2017-05-22,-1.9870082863650316
2017-05-23,1.5645319163307692
2017-05-24,0.8151837291905304
2017-05-25,-1.8935142363015098
2017-05-26,2.6743325022289675
2017-05-29,-0.5012541999692272
2017-05-30,0.3066205041312639
2017-05-31,-1.3167300811489289
2017-06-01,-0.9349834310976505
2017-06-02,0.9913690998549232
2017-06-05,-0.11280314888886124
2017-06-06,1.5955551722790853
2017-06-07,1.625156244740176
2017-06-08,-1.0436787636689004
2017-06-09,-1.5862305394774603
2017-06-12,0.0
2017-06-13,1.2266671154489837
2017-06-14,0.882764409336053
2017-06-16,-0.716651389663554
2017-06-19,0.524211448549462
2017-06-20,-2.2260239951231866
2017-06-21,0.11248592961409123
2017-06-22,0.08428148910324038
2017-06-23,-0.33755305592913915
2017-06-26,2.7787284134147234
2017-06-27,-0.9084714866997576
2017-06-28,-0.027658742929437496
2017-06-29,0.9909247410676755
2017-06-30,0.6552029850223523
2017-07-03,0.8939514985037736
2017-07-04,-0.4053511608445631
2017-07-05,0.27041660942399964
2017-07-06,-1.4142199321055555
2017-07-07,-0.9632659981382254
2017-07-10,0.7987922524864274
2017-07-11,1.4976454101270016
2017-07-12,1.0752791911580049
2017-07-13,0.2670228589257318
2017-07-14,0.21310611438506416
2017-07-17,-0.9625743109391889
2017-07-18,0.10741143007130408
2017-07-19,-1.459879938098663
2017-07-20,0.10887315271108503
2017-07-21,0.1359249643971971
2017-07-24,0.5148365373894893
2017-07-25,0.24294789428522945
2017-07-26,-0.4593981538809048
2017-07-27,0.10828369317999892
2017-07-28,0.3780722667424873
2017-07-31,0.5912406331060943
2017-08-01,3.1128865279464226
2017-08-02,1.0336009461129563
2017-08-03,-0.23163053251505217
2017-08-04,-0.2579980823908827
2017-08-07,1.563533083423052
2017-08-08,1.2133617264783927
2017-08-09,-0.6301218411626671
2017-08-10,-1.2722817568188256
2017-08-11,0.5108567486572677
2017-08-14,1.7927509726736215
2017-08-15,-0.5772383872692707
2017-08-16,0.20115673129886413
2017-08-17,-0.8070661710431088
2017-08-18,0.9576685803711883
2017-08-21,-0.7300221362655859
2017-08-22,2.100077186466738
2017-08-23,1.0826877351395954
2017-08-24,0.8286667367652734
2017-08-25,-0.2916871232108077
2017-08-28,-0.8802013126659405
2017-08-29,0.9045410915076559
2017-08-30,-0.5368485285923799
2017-08-31,-1.404482894904627
2017-09-01,2.1601233015677317
2017-09-04,-0.5112610054013352
2017-09-05,0.04880428641436156
2017-09-06,2.6482048105789
2017-09-08,-0.11886370306993375
2017-09-11,1.674764953868617
2017-09-12,-0.28109645456760296
2017-09-13,0.7012651547099424
2017-09-14,-0.23320906383027373
2017-09-15,1.8276968952607946
2017-09-18,0.7309306182768813
2017-09-19,-0.36479746291881127
2017-09-20,-1.0562670282167463
2017-09-21,0.13840834712918615
2017-09-22,0.34518504425962865
2017-09-25,-0.9927358435518886
2017-09-26,0.18544280939806118
2017-09-27,0.06945247243119326
2017-09-28,-0.5337059126759505
2017-09-29,0.8571812261365565
2017-10-02,0.13831262896964017
2017-10-03,3.374796543482677
2017-10-04,-0.8948605686030918
2017-10-05,1.5829111833038323
2017-10-06,-1.1792327118915025
2017-10-09,-1.1933046703743422
2017-10-10,2.151102390840513
2017-10-11,-0.26637085105604735
2017-10-13,-0.8033964040084354
2017-10-16,-0.5166809129969598
2017-10-17,-0.15778208385028636
2017-10-18,0.18030206612907024
2017-10-19,-0.723166993198168
2017-10-20,-0.2043365523243918
2017-10-23,-0.9361867738742705
2017-10-24,0.7314318322155136
2017-10-25,0.6808923349766618
2017-10-26,-0.6125941097316384
2017-10-27,-0.6163699211211711
2017-10-30,-1.290637908893082
2017-10-31,-2.489560188816413
2017-11-01,-1.7270758011844856
2017-11-03,1.393583319724643
2017-11-06,0.4523278856906903
2017-11-07,-2.4039618996762795
2017-11-08,3.584613173128616
2017-11-09,-2.7366371793151103
2017-11-10,0.1446480697874733
2017-11-13,0.5046268080787487
2017-11-14,-1.9361689289500474
2017-11-16,2.485949199199291
2017-11-17,1.3731276138196526
2017-11-21,1.9788796145211107
2017-11-22,-0.9729055226296863
2017-11-23,-0.30306584690159344
2017-11-24,-0.9383132530870829
2017-11-27,0.6109041823185317
2017-11-28,0.16383850739912018
2017-11-29,-2.0794700031758446
2017-11-30,-1.467254237385938
2017-12-01,-0.09696968605142837
2017-12-04,1.4686673171303035
2017-12-05,-0.5993065831427107
2017-12-06,1.0523895196068465
2017-12-07,-0.33365143905583056
2017-12-08,0.8557219144163982
2017-12-11,0.260016691387399
2017-12-12,0.7994398931985043
2017-12-13,-2.249946849929627
2017-12-14,-1.5934668304019837
2017-12-15,0.0
2017-12-18,-0.024339778841719617
2017-12-19,-0.5614563674052677
2017-12-20,0.3665245194741411
2017-12-21,4.132918283486671
2017-12-22,-0.4691540449302742
2017-12-26,0.3989210685480696
2017-12-27,-0.5400975835323371
2017-12-28,0.25867156034181726
2018-01-02,3.0073975843218426
2018-01-03,0.6813562669353913
2018-01-04,2.0610048678263206
2018-01-05,0.287833688114089
2018-01-08,-0.33218941333038016
2018-01-09,-1.0929070710805686
2018-01-10,-0.33696541384023726
2018-01-11,2.07111290270954
2018-01-12,-0.08820285544759757
2018-01-15,0.6157925489100184
2018-01-16,0.9166367131523124
2018-01-17,1.6376146991233294
2018-01-18,-0.2353697445791622
2018-01-19,0.8107576068761264
2018-01-22,2.45578507863271
2018-01-23,-0.35310039433468726
2018-01-24,4.694552957964235
2018-01-26,4.900757881505252
2018-01-29,-2.3138999126623467
2018-01-30,-0.3876725592451402
2018-01-31,1.4843645947582345
2018-02-01,0.47723678115574986
2018-02-02,-1.2648693289630766
2018-02-05,-3.5732109151334575
2018-02-06,3.5346306751030308
2018-02-07,-2.401755569360757
2018-02-08,-0.4952956988641854
2018-02-09,0.25785989791775654
2018-02-14,4.22789360400988
2018-02-15,0.0189879004373282
2018-02-16,-3.555930193332049
2018-02-19,-0.7900495065987487
2018-02-20,2.429110595245769
2018-02-21,1.3074595257413857
2018-02-22,0.5524349419995699
2018-02-23,0.6815626389735387
2018-02-26,-0.11327165368501543
2018-02-27,-1.50350151896144
2018-02-28,-3.4529910671445485
2018-03-01,1.4385901913980566
2018-03-02,0.5268819085473762
2018-03-05,1.4107876902542078
2018-03-06,-0.3652796218353819
2018-03-07,-0.13491382471232943
2018-03-08,-0.6967320469508892
2018-03-09,1.3694880963064495
2018-03-12,1.123928412493857
2018-03-13,-0.8178838166939477
2018-03-14,-2.25987405835221
2018-03-15,0.46774596139744284
2018-03-16,-0.40915790264947455
2018-03-19,-2.170995060951994
2018-03-20,0.31872534903226285
2018-03-21,-0.3985656979995948
2018-03-22,-0.32000025261572423
2018-03-23,0.4796172160098761
2018-03-26,1.2284680023305061
2018-03-27,-1.2085337889903156
2018-03-28,0.9127047357610071
2018-03-29,1.3341378821469398
2018-04-02,-0.5080119770131201
2018-04-03,-0.9447030117187245
2018-04-04,0.6504408427341947
2018-04-05,0.19627091929388418
2018-04-06,0.48899855550608595
2018-04-09,-2.2495029169015335
2018-04-10,0.49766200651411574
2018-04-11,1.6346991381141496
2018-04-12,0.8752365422406002
2018-04-13,-2.351205478201479
2018-04-16,-1.4779578018980404
2018-04-17,1.6364364505192721
2018-04-18,1.8824085242818336
2018-04-19,-0.9367750201750019
2018-04-20,-0.21591917112405995
2018-04-23,0.17669580097233342
2018-04-24,-0.4915947231330249
2018-04-25,-0.593121516106898
2018-04-26,2.293543600560643
2018-04-27,-0.19398648423360787
2018-04-30,-0.9560115497229854
2018-05-02,-4.63426619751712
2018-05-03,-1.990940917418328
2018-05-04,-1.1799546821090316
2018-05-07,0.14825801078586912
2018-05-08,0.3169574585429072
2018-05-09,0.3159560115627937
2018-05-10,2.697258941677782
2018-05-11,-1.6096096450393598
2018-05-14,-1.5091461949177842
2018-05-15,-0.3808722468965055
2018-05-16,1.723455870076196
2018-05-17,-5.371998717199677
2018-05-18,-0.7060929598892084
2018-05-21,-1.3824077534001236
2018-05-22,2.3958554966518077
2018-05-23,-1.9031333381418178
2018-05-24,1.309529332558335
2018-05-25,-0.88594157533479
2018-05-28,-4.318853012067192
2018-05-29,-0.34904047463543053
2018-05-30,0.1863064924505432
2018-06-01,1.9355443474931566
2018-06-04,2.144793811647065
2018-06-05,-3.153976729001287
2018-06-06,-2.5684344242438955
2018-06-07,-2.9523325327002508
2018-06-08,0.2433091255367053
2018-06-11,-2.934497325991797
2018-06-12,-0.20040088139249304
2018-06-13,-0.9827469456210423
2018-06-14,-3.609569526080678
2018-06-15,0.9666959951748556
2018-06-18,-2.0489290819045722
2018-06-19,4.41286240578018
2018-06-20,1.836760613518226
2018-06-21,-2.703891822121211
2018-06-22,0.7655052030406799
2018-06-25,0.20314883751687943
2018-06-26,-0.3303268558173636
2018-06-27,-1.8236025749845102
2018-06-28,2.7356940582783156
2018-06-29,1.7252584710782208
2018-07-02,0.024786214250060536
2018-07-03,2.3271105288891833
2018-07-04,1.609257723572623
2018-07-05,-0.6453948767870867
2018-07-06,0.9071439836037205
2018-07-10,0.26106576910863866
2018-07-11,0.40212947912506386
2018-07-12,1.8709619413142617
2018-07-13,2.5167194544731752
2018-07-16,-0.36215523990973436
2018-07-17,1.8645940270560495
2018-07-18,-1.2767559984625139
2018-07-19,1.4324327280812117
2018-07-20,2.8047412541082672
2018-07-23,-1.9418086141673574
2018-07-24,-0.06611569225380716
2018-07-25,3.1038845271624713
2018-07-26,-1.5941741760040904
2018-07-27,0.541419823670129
2018-07-30,1.4367138818961742
2018-07-31,-4.284661004411792
2018-08-01,1.2148133412843292
2018-08-02,0.3506468860373045
2018-08-03,2.3566110479950932
2018-08-06,-0.7291475498400602
2018-08-07,-0.6044923139285763
2018-08-08,-2.36645573500901
2018-08-09,-0.5335717753988888
2018-08-10,-3.7011830272618758
2018-08-13,0.7834141359579383
2018-08-14,2.0445964187990806
2018-08-15,-0.6768978539476967
2018-08-16,-0.135931169289367
2018-08-17,-2.595162308918121
2018-08-20,-1.052518184382163
2018-08-21,-1.301639479553541
2018-08-22,2.354157663935693
2018-08-23,-3.9630289481157397
2018-08-24,0.7476219600024407
2018-08-27,3.2619294744905956
2018-08-28,-0.7001196022114091
2018-08-29,1.6490909709402728
2018-08-30,-4.018870095976204
2018-08-31,1.3576486089525348
2018-09-03,-1.4296169322521026
2018-09-04,-0.867684383946144
2018-09-05,0.5792919768273656
2018-09-06,2.495673204286178
2018-09-10,0.9113276919454895
2018-09-11,-3.5033168014731135
2018-09-12,0.2886699079629403
2018-09-13,-0.5540180788478827
2018-09-14,1.747919571932285
2018-09-17,2.3458734480307672
2018-09-18,-0.09278593269371699
2018-09-19,0.6938048270364156
2018-09-20,-0.6474011227599317
2018-09-21,1.6791654418758173
2018-09-24,-2.5177447617112776
2018-09-25,0.2336450165460848
2018-09-26,1.0908776421680682
2018-09-27,2.7099461282374895
2018-09-28,-0.8574059484041064
2018-10-01,-1.1624063069747095
2018-10-02,3.779127182675058
2018-10-03,4.4259787472843986
2018-10-04,0.10554088671656692
2018-10-05,-0.33812375863879984
2018-10-08,5.778151469591866
2018-10-09,-0.5208344926633743
2018-10-10,-3.515587910088479
2018-10-11,-1.192857071623124
2018-10-15,1.151242430614775
2018-10-16,3.9180689931165613
2018-10-17,-1.0460767336567116
2018-10-18,-3.0177800744845573
2018-10-19,-0.10426440408695203
2018-10-22,1.4499011423254604
2018-10-23,0.34896881941696745
2018-10-24,-2.63692222677575
2018-10-25,1.1505199532899029
2018-10-26,1.8545761528871576
2018-10-29,-1.8545761528871485
2018-10-30,2.89043386438626
2018-10-31,-0.48612612423163565
2018-11-01,1.3912917448440443
2018-11-05,1.0754933352588048
2018-11-06,0.6319136349573696
2018-11-07,0.09837677222117346
2018-11-08,-1.3861607856759792
2018-11-09,1.248406190191629
2018-11-12,0.2753197286728486
2018-11-13,-0.3738322197437121
2018-11-14,0.8635971187279811
2018-11-16,3.041034960817147
2018-11-19,-0.056888205323893715
2018-11-21,-1.3078326216158564
2018-11-22,-0.23088032965446287
2018-11-23,-0.11564034984685229
2018-11-26,-1.6625729587280238
2018-11-27,3.326409392549602
2018-11-28,2.4727306473328117
2018-11-29,0.8842279073236003
2018-11-30,-0.9119864222080406
2018-12-03,-1.313418351922366
2018-12-04,-0.11258094667715828
2018-12-05,0.056306297329432084
2018-12-06,0.8966157246737007
2018-12-07,-0.8122156218341229
2018-12-10,-2.7078753179925865
2018-12-11,0.891707342126454
2018-12-12,0.6849341732847871
2018-12-13,1.7480005453430636
2018-12-14,-0.7293160121665464
2018-12-17,-2.7109663984346217
2018-12-18,1.5784514814383108
2018-12-19,-1.3473043542009442
2018-12-20,-0.028864169217728622
2018-12-21,-0.4629637822398041
2018-12-26,-2.1991796806987516
2018-12-27,1.6757704973427596
2018-12-28,3.438734214009215
2019-01-02,4.138521633330705
2019-01-03,1.6352060249801763
2019-01-04,-1.689274683448864
2019-01-07,0.18911259809920378
2019-01-08,1.2605772052141564
2019-01-09,1.5077656598778642
2019-01-10,-0.6849341642360433
2019-01-11,-0.6098388372339492
2019-01-14,0.7419217620215857
2019-01-15,-1.569807427863668
2019-01-16,-0.2954211895278442
2019-01-17,0.0
2019-01-18,1.2827541090180214
2019-01-21,-0.8265611378625032
2019-01-22,-0.16077178162767333
2019-01-23,0.6681837357103133
2019-01-24,-0.13328003432450697
2019-01-28,1.7713615940770853
2019-01-29,-0.7364578675992164
2019-01-30,0.6315810721466025
2019-01-31,1.7165571009228626
2019-02-01,0.0773295597233127
2019-02-04,2.2421321388789175
2019-02-05,-4.351310718113761
2019-02-06,-4.301738510723465
2019-02-07,0.3565066059694125
2019-02-08,2.1127546539769435
2019-02-11,-1.1320875713505594
2019-02-12,2.3574625094745802
2019-02-13,-2.303261939454769
2019-02-14,2.6204707828123577
2019-02-15,-1.0346292109437618
2019-02-18,-1.6129381847513107
2019-02-19,2.277392459254101
2019-02-20,-1.2796761992654817
2019-02-21,1.8080789874056278
2019-02-22,-3.458326100113517
2019-02-25,-1.5393377191658453
2019-02-26,0.3594639462328867
2019-02-27,-0.8871696523397558
2019-02-28,-1.9117815759248213
2019-03-01,-1.1131840815798673
2019-03-06,0.028698536360161626
2019-03-07,1.367932432707437
2019-03-08,1.1817807480617315
2019-03-11,3.2203140671047494
2019-03-12,0.21645029742109115
2019-03-13,1.0752791601721081
2019-03-14,-1.590115681685796
2019-03-15,-0.027170198114642198
2019-03-18,0.16291067636891504
2019-03-19,-2.3608013490658295
2019-03-20,-2.2756987271070206
2019-03-21,-1.7775697203315097
2019-03-22,-2.994939092016891
2019-03-25,0.14892038806799135
2019-03-26,1.0362786914810356
2019-03-27,-3.4460338503720567
2019-03-28,3.8868868566964165
2019-03-29,0.9630893053333346
2019-04-01,-0.7872907954389959
2019-04-02,-1.5934241176436474
2019-04-03,-0.8963310635556313
2019-04-04,1.4894526228867935
2019-04-05,2.1355206540837344
2019-04-08,-0.609669459498567
2019-04-09,-0.554826941041303
2019-04-10,-0.17584999373869384
2019-04-11,-2.3446689434867696
2019-04-12,-1.0566135917307427
2019-04-15,-0.060716444731802086
2019-04-16,-0.09114386535184416
2019-04-17,-1.5622924801244982
2019-04-18,1.3492998733368542
2019-04-22,-0.27451596803423645
2019-04-23,1.2746758422343603
2019-04-24,0.15067050455366396
2019-04-25,1.5240097948200875
2019-04-26,0.23696693157922943
2019-04-29,-0.802024233194963
2019-04-30,0.8907422670956594
2019-05-02,0.6188320759729755
2019-05-03,-0.9741774448206777
2019-05-06,-2.219647251101284
2019-05-07,-1.1285768475025943
2019-05-08,1.128576847502597
2019-05-09,-1.2513515901520955
2019-05-10,-0.4617523748660789
2019-05-13,-1.5861007577635466
2019-05-14,-0.47132842149667353
2019-05-15,0.3144656521135754
2019-05-16,-1.2956414405809797
2019-05-17,0.19065783470340508
2019-05-20,2.5698687718147823
2019-05-21,3.7648647947611886
2019-05-22,0.11911855525796988
2019-05-23,-0.20855067093825383
2019-05-24,-1.5024320725398177
2019-05-27,0.3626476964098013
2019-05-28,2.766798522943463
2019-05-29,1.860518792094018
2019-05-30,1.0315277736787878
2019-05-31,-0.22831059769933748
2019-06-03,0.22831059769934506
2019-06-04,-0.17118407149778525
2019-06-05,-1.9608471261778289
2019-06-06,1.0428831507852918
2019-06-07,1.060637697660229
2019-06-10,-1.2625705726583198
2019-06-11,0.4897028432641535
2019-06-12,-0.5763704426003409
2019-06-13,-1.808156601493895
2019-06-14,0.029424720988756422
2019-06-17,-0.11775094843725412
2019-06-18,2.5590230347500618
2019-06-19,1.5667604338313441
2019-06-21,2.2359791248018404
2019-06-24,-0.22136145919522274
2019-06-25,-1.2543718603997616
2019-06-26,2.3563114045149747
2019-06-27,-0.6872879313400301
2019-06-28,0.027582378755518965
2019-07-01,-0.497651033266616
2019-07-02,-0.36096109217082245
2019-07-03,1.709914818207844
2019-07-04,1.1419373771244752
2019-07-05,1.1023098167901568
2019-07-08,-0.26773776364865853
2019-07-10,-0.26845652357176253
2019-07-11,-0.1344990047584538
2019-07-12,-1.8748001926975548
2019-07-15,-0.2746499802650053
2019-07-16,0.3842991308409247
2019-07-17,-0.2743486179630026
2019-07-18,2.6299468928215504
2019-07-19,-2.629946892821548
2019-07-22,1.688953268612459
2019-07-23,0.9677494903833727
2019-07-24,-0.0802890480663063
2019-07-25,-3.1273793017063456
2019-07-26,1.779649965409237
2019-07-29,0.40622941725894895
2019-07-30,-3.3808359238887773
2019-07-31,-2.691761872552434
2019-08-01,0.17216643803125262
2019-08-02,0.14324600944804583
2019-08-05,-1.3837061520886476
2019-08-06,2.9741969097743186
2019-08-07,3.6246878716478954
2019-08-08,0.5420067196283388
2019-08-09,-0.759634658272941
2019-08-12,-4.2275483586633325
2019-08-13,1.9412622953086718
2019-08-14,-2.2257574942545766
2019-08-15,-0.2853068838818292
2019-08-16,-1.8746042657402433
2019-08-19,-0.4376374774787666
2019-08-20,-1.117330051342429
2019-08-21,0.76583582648796
2019-08-22,-1.5971945404368846
2019-08-23,-1.1696039825065851
2019-08-26,-0.030170437259423945
2019-08-27,1.1699548133894364
2019-08-28,1.126939597649871
2019-08-29,0.5294129824807895
2019-08-30,-0.44098261210230927
2019-09-02,-1.3048820958351621
2019-09-03,-1.9289326722352562
2019-09-04,0.6975009468034108
2019-09-05,2.8011366626048115
2019-09-06,3.295095773090849
2019-09-09,2.415847873584531
2019-09-10,-1.9619463539781838
2019-09-11,-0.4539015196063477
2019-09-12,0.6235847866902197
2019-09-13,1.3471997348971816
2019-09-16,-1.8003298894687743
2019-09-17,0.3683245307262912
2019-09-18,-0.31157085077903196
2019-09-19,-1.687924513030151
2019-09-20,0.25932878274382565
2019-09-23,-0.31704883132977973
2019-09-24,-1.0446989989794637
2019-09-25,1.1601058384558212
2019-09-26,2.8427155523563985
2019-09-27,-0.42128978485251634
2019-09-30,-1.4172572495710303
2019-10-01,-2.3394568899747057
2019-10-02,-2.7853652558698823
2019-10-03,0.03004357818774031
2019-10-04,0.47947349085860824
2019-10-07,-1.8709054854758982
2019-10-08,-0.4273510810128611
2019-10-09,1.578181459766652
2019-10-10,0.7200751067221097
2019-10-11,1.277308305180915
2019-10-14,1.668412794901707
2019-10-15,-0.23249065595343593
2019-10-16,1.4155949143721602
2019-10-17,-0.6042314698945924
2019-10-18,-1.1903173920672612
2019-10-21,1.6222835239047693
2019-10-22,3.0562650484498515
2019-10-23,1.4113974249527639
2019-10-24,0.4660735025421391
2019-10-25,0.654309885115827
2019-10-28,1.3495481161517835
2019-10-29,-1.785278682835184
2019-10-30,0.6257672568490249
2019-10-31,-1.7510707423480358
2019-11-01,0.33066992052493305
2019-11-04,0.3295800972894079
2019-11-05,1.7126964739448347
2019-11-06,-1.3568729258032435
2019-11-07,0.5992935391167005
2019-11-08,-1.5050222493863796
2019-11-11,0.4401657653159778
2019-11-12,-1.7165426820307719
2019-11-13,-1.0103931054758242
2019-11-14,0.6467054484037043
2019-11-18,-0.44943895141776646
2019-11-19,-1.104045190528091
2019-11-21,1.0195500405810283
2019-11-22,0.6739705266803193
2019-11-25,-1.4376568779639114
2019-11-26,-2.0654779080327996
2019-11-27,0.5780363016376262
2019-11-28,-0.2886004743342677
2019-11-29,0.5763704426003334
2019-12-02,1.3698844135352735
2019-12-03,0.02834066881990225
2019-12-04,3.5355108935895627
2019-12-05,-0.1368550849582709
2019-12-06,-1.8242628603877735
2019-12-09,1.933761929979603
2019-12-10,-1.460684653383225
2019-12-11,-1.1728701981251335
2019-12-12,-0.028093809299023886
2019-12-13,2.0028485574332935
2019-12-16,-2.312402765129453
2019-12-17,1.5105182151203151
2019-12-18,1.268982534349032
2019-12-19,0.49220774026704445
2019-12-20,-0.43739817505062856
2019-12-23,0.927195055304317
2019-12-26,1.508649278796159
2019-12-27,-0.26773776364865853
2019-12-30,-0.5376356765749959
2020-01-02,2.4758352234261123
2020-01-03,-1.0573717520475596
2020-01-06,-1.4993587562934754
2020-01-07,-2.3472693095171007
2020-01-08,-1.6428046072260567
2020-01-09,-2.0133956656292353
2020-01-10,-0.8919638759503684
2020-01-13,1.3207196920461395
2020-01-14,0.0
2020-01-15,-1.2340520927099652
2020-01-16,0.20193287499808615
2020-01-17,0.6892617639612764
2020-01-20,-2.0529852071238075
2020-01-21,-2.155701350340215
2020-01-22,0.5952398226815059
2020-01-23,2.3461486691836027
2020-01-24,-0.7564772540010678
2020-01-27,-2.1849112378640463
2020-01-28,-0.02985521718564323
2020-01-29,-1.564883007860866
2020-01-30,1.4453729663710662
2020-01-31,-1.9013700856302176
2020-02-03,0.24345720694197948
2020-02-04,0.7871672674124709
2020-02-05,0.6013247327468993
2020-02-06,-0.24009619051749553
2020-02-07,1.2837913537765733
2020-02-10,1.6767564356793507
2020-02-11,2.278397029428862
2020-02-12,-0.4000004976671671
2020-02-13,-1.5580234606244046
2020-02-14,-1.7009207743635821
2020-02-17,-0.9211177585078353
2020-02-18,0.4170395901670826
2020-02-19,1.416788768660139
2020-02-20,-0.3523198148612771
2020-02-21,-3.9597254586257526
2020-02-26,-5.116446124297085
2020-02-27,0.0643914468765476
2020-02-28,2.9493179718630227
2020-03-02,-0.37570490282788127
2020-03-03,-1.8360756397392226
2020-03-04,0.9539023428144127
2020-03-05,-3.4774914695493466
2020-03-06,-2.1527574005457772
2020-03-09,-7.181861159074371
2020-03-10,2.451712783395556
2020-03-11,-8.49394320718624
2020-03-12,-10.336700410448017
2020-03-13,10.48943051317667
2020-03-16,-9.645543691108342
2020-03-17,5.7158413744927055
2020-03-18,-7.197349935987976
2020-03-19,-2.5919377417860767
2020-03-20,-3.5638515462171005
2020-03-23,-7.191258192766437
2020-03-24,9.21152894421046
2020-03-25,4.773140275986091
2020-03-26,2.7169905114830515
2020-03-27,-5.422760094800963
2020-03-30,4.843767571234095
2020-03-31,-4.322706883715666
2020-04-01,-7.600870155086986
2020-04-02,0.4662013503947845
2020-04-03,-3.985347175371344
2020-04-06,7.099151834029045
2020-04-07,3.63032338659555
2020-04-08,5.003162916722199
2020-04-09,-2.852542328098423
2020-04-13,2.105340870463017
2020-04-14,1.2422519935737235
2020-04-15,-3.7740327789555357
2020-04-16,-2.5536986309122103
2020-04-17,1.781493990504586
2020-04-20,-2.5295722968834333
2020-04-22,-1.1997477713450757
2020-04-23,-1.4408173372605364
2020-04-24,-5.4520839170190865
2020-04-27,3.2511697417357572
2020-04-28,7.929352407107873
2020-04-29,1.3188874002321147
2020-04-30,-3.834197806480354
2020-05-04,-3.9413968492963534
2020-05-05,3.633501258229831
2020-05-06,-2.04724549205954
2020-05-07,-3.6634133197992913
2020-05-08,4.02248012696776
2020-05-11,0.26845654782388717
2020-05-12,-3.5011532325705197
2020-05-13,-0.04628560565824278
2020-05-14,4.304175154829154
2020-05-15,-4.165382621768094
2020-05-18,4.6961224401166595
2020-05-19,-4.419113941628903
2020-05-20,-0.41580103154881143
2020-05-21,5.582007010209085
2020-05-22,0.5240186873662083
2020-05-25,4.2632201388407145
2020-05-26,-4.04568689021689
2020-05-27,3.081116647345837
2020-05-28,-1.785761753909559
2020-05-29,-1.1650617101733476
2020-06-01,2.65540224338075
2020-06-02,6.504029756156439
2020-06-03,2.6188715922760903
2020-06-04,2.852446630235627
2020-06-05,2.188108828069938
2020-06-08,3.9559275351661065
2020-06-09,-1.994368112292043
2020-06-10,-4.450081539925982
2020-06-12,-2.0133633680421275
2020-06-15,-2.368582824351837
2020-06-16,2.828001721314054
2020-06-17,1.2526259806276472
2020-06-18,3.8480515169795213
2020-06-19,1.9411105807413822
2020-06-22,-3.1461644172160734
2020-06-23,-1.3313806162006059
2020-06-24,-3.8714512193984563
2020-06-25,1.1925511727860965
2020-06-26,-1.6969169216180475
2020-06-29,2.950970976171075
2020-06-30,-3.967398774186579
2020-07-01,2.5219571110474277
2020-07-02,1.7094433526721673
2020-07-03,-0.1885014600306105
2020-07-06,4.537012595285061
2020-07-07,-5.0287858947406106
2020-07-08,2.13851709625491
2020-07-09,0.03711260518919809
2020-07-10,0.9233675983041318
2020-07-13,-1.4815085539431767
2020-07-14,1.6651633254283462
2020-07-15,0.6948281696894613
2020-07-16,-1.6905951925582468
2020-07-17,0.885614629848467
2020-07-20,0.2934704919753009
2020-07-21,1.454571125717683
2020-07-22,-2.3006309996862795
2020-07-23,-2.1281369967642685
2020-07-24,-0.11327167982386578
2020-07-27,4.902400408454821
2020-07-28,-0.5772021702469693
2020-07-29,2.324438621600679
2020-07-30,-1.7112716787164355
2020-07-31,-3.364119815653057
2020-08-03,1.4399362771807982
2020-08-04,-6.005202169586541
2020-08-05,-0.07788160936824477
2020-08-06,1.3926724152870273
2020-08-07,-2.135588827386923
2020-08-10,1.2868183009228082
2020-08-11,-1.1691482044621382
2020-08-12,-1.1433201362379586
2020-08-13,-2.896421305372996
2020-08-14,0.9343963623644157
2020-08-17,-2.4146865540272002
2020-08-18,0.41339458837360626
2020-08-19,-0.49627895398623934
2020-08-20,0.0
2020-08-21,-0.1659751672546939
2020-08-24,1.647483749077943
2020-08-25,-0.7380107593245049
2020-08-26,-2.1211025752789316
2020-08-27,1.6260520393406344
2020-08-28,1.0286040126186915
2020-08-31,-3.6686064778920517
2020-09-01,3.299526747689338
2020-09-02,-0.20563449999600653
2020-09-03,2.3999525087937994
2020-09-04,0.32102755778077796
2020-09-08,-2.2691411383875892
2020-09-09,0.12287530201172549
2020-09-10,-2.1515103731352228
2020-09-11,-1.1779690366041327
2020-09-14,1.761790605826711
2020-09-15,-1.3394926448611257
2020-09-16,-0.2954212207021516
2020-09-17,0.12671596715336225
2020-09-18,-2.5220400301263823
2020-09-21,-0.8695707118894338
2020-09-22,0.8695707118894268
2020-09-23,-2.720659279909627
2020-09-24,2.417168878613587
2020-09-25,-0.5224216985796934
2020-09-28,-0.04365861201369761
2020-09-29,-2.2075951786493064
2020-09-30,0.44543507289913364
2020-10-01,0.08884938956190658
2020-10-02,0.3103526931827123
2020-10-05,1.056813048486411
2020-10-06,0.1750547167091985
2020-10-07,-0.7461083648744881
2020-10-08,5.860132715563893
2020-10-09,-0.29124211879520884
2020-10-13,-0.9629549173975248
2020-10-14,-0.294923296847485
2020-10-15,-0.8900249250901993
2020-10-16,-1.6309374844205131
2020-10-19,1.0759733717974476
2020-10-20,3.903958492013701
2020-10-21,0.9016454519558489
2020-10-22,5.0129827520611805
2020-10-23,-1.2888286178070962
2020-10-26,0.7050557748091132
2020-10-27,-2.8907179815868305
2020-10-28,-4.562122527115157
2020-10-29,0.5033567876332949
2020-10-30,-1.772946411394382
2020-11-03,2.357011488788496
2020-11-04,3.9156715104562214
2020-11-05,2.332582551835376
2020-11-06,-0.11730207090402704
2020-11-09,7.787350897120539
2020-11-10,4.424717526615053
2020-11-11,-0.8344971794377225
2020-11-12,-2.474498845524424
2020-11-13,1.8791547573032987
2020-11-16,3.4521895590332816
2020-11-17,0.06784259512697179
2020-11-18,-2.4718045322263453
2020-11-19,0.13893717456358973
2020-11-20,-0.9065613199143832
2020-11-23,1.2184658875758598
2020-11-24,2.7642094539291024
2020-11-25,-1.185048558928842
2020-11-26,-2.1343323326677797
2020-11-27,0.7625686859137398
2020-11-30,-1.390842981645271
2020-12-01,4.082199414016883
2020-12-02,0.7701360841034219
2020-12-03,-0.06673339012537192
2020-12-04,0.9963549659404757
2020-12-07,0.5930824424387481
2020-12-08,-0.2631580423182683
2020-12-09,0.5911347500137006
2020-12-10,3.2536289043235698
2020-12-11,-0.7955491472718081
2020-12-14,-1.350937249650736
2020-12-15,0.9026496353074067
2020-12-16,1.8757504078028877
2020-12-17,-0.1260636553666024
2020-12-18,-0.15780344459635412
2020-12-21,-1.7846235408794546
2020-12-22,0.481155719059226
2020-12-23,2.1839766620905317
2020-12-28,0.7175198188199631
2020-12-29,-0.2178310921150318
2020-12-30,-1.4749992843136546
2021-01-04,-2.3349853192141325
2021-01-05,-0.6493529423548821
2021-01-06,2.7310934326826466
2021-01-07,3.9769142713612973
2021-01-08,-0.030464600154323243
2021-01-11,-2.280530260176989
2021-01-12,0.31123584092459095
2021-01-13,-1.6606993075570569
2021-01-14,2.9267344727736138
2021-01-15,-3.8472297631469257
2021-01-18,-0.5115100582451839
2021-01-19,-1.1929852664023264
2021-01-20,-1.6680681345112345
2021-01-21,-1.3614688075456498
2021-01-22,-2.1629772038342474
2021-01-26,-3.546964311544707
2021-01-27,-0.07082151951890477
2021-01-28,4.0269237739390675
2021-01-29,-3.638024574700323
2021-02-01,2.577641832935124
2021-02-02,-2.1551060238721833
2021-02-03,-0.4931323875245445
2021-02-04,-0.42462905715429994
2021-02-05,-0.42643989571299734
2021-02-08,-1.8692132948329838
2021-02-09,1.190275548122946
2021-02-10,-0.7196864582506028
2021-02-11,0.0
2021-02-12,0.2524798719992251
2021-02-17,1.2529249133249043
2021-02-18,-0.7140337495255371
2021-02-19,-1.0444899825308909
2021-02-22,-7.555724723546481
2021-02-23,6.20706206442759
2021-02-24,-1.4787700415871594
2021-02-25,-2.9097083876074943
2021-02-26,-2.0531420007782
2021-03-01,-3.1004073312678964
2021-03-02,3.95777813177595
2021-03-03,0.23255825364311455
2021-03-04,3.087723825031066
2021-03-05,3.6488293231613422
2021-03-08,-3.2367665565404247
2021-03-09,1.373698994565078
2021-03-10,0.7347571757858937
2021-03-11,0.1463057779462019
2021-03-12,-0.6600684297389305
2021-03-15,1.1704596255601598
2021-03-16,-2.0573833349271977
2021-03-17,3.823513209869002
2021-03-18,0.570005144771371
2021-03-19,0.21291700319551807
2021-03-22,0.5655724193250644
2021-03-23,-2.570652090880755
2021-03-24,-1.7512304735813544
2021-03-25,1.7512304735813617
2021-03-26,1.50756620358593
2021-03-29,-0.035631587502363955
2021-03-30,1.6260521207162033
2021-03-31,-1.9473088312665037
2021-04-01,-3.1598779113574595
2021-04-05,1.2832439919399816
2021-04-06,-1.172604109010531
2021-04-07,-0.8885656745696447
2021-04-08,-0.7840249041188402
2021-04-09,-0.15003756050910316
2021-04-12,2.447285649745613
2021-04-13,-0.03663676511589546
2021-04-14,1.2743664527670369
2021-04-15,0.0
2021-04-16,1.1153200337180138
2021-04-19,-1.5140880078031902
2021-04-20,-0.5098335919298026
2021-04-22,0.036502980353504785
2021-04-23,0.4733306115763106
2021-04-26,-0.07267445760048286
2021-04-27,-1.5384918464768507
2021-04-28,4.051186874413811
2021-04-29,-3.2057489966761437
2021-04-30,0.7657284263396884
2021-05-03,1.3350369880203832
2021-05-04,-4.358866178884499
2021-05-05,2.805647277374788
2021-05-06,-0.6207798000766335
2021-05-07,1.2015436734157325
2021-05-10,1.4729923658586914
2021-05-11,-0.21420930144922795
2021-05-12,-1.4761744139185273
2021-05-13,2.8604023793208118
2021-05-14,2.1963581095784663
2021-05-17,-0.06898934336410173
2021-05-18,-0.20725392163203787
2021-05-19,0.7235173502475891
2021-05-20,0.5477589778285491
2021-05-21,0.4768401443046367
2021-05-24,-0.2722015926504933
2021-05-25,-1.1996716147341466
2021-05-26,1.3698844132169883
2021-05-27,-0.8539761582175518
2021-05-28,1.6332448982050152
2021-05-31,-0.3042084604091752
2021-06-01,3.5254732062257412
2021-06-02,3.278982239386112
2021-06-04,2.0658011604469317
2021-06-07,2.327110549479481
2021-06-08,-0.6985601409522635
2021-06-09,1.3622126514859194
2021-06-10,-0.36144615021815724
2021-06-11,-1.1838050391739512
2021-06-14,-0.33644319826889896
2021-06-15,0.0
2021-06-16,1.9718521734914285
2021-06-17,-1.1784393878296267
2021-06-18,-1.8405427448225957
2021-06-21,0.46332126884616326
2021-06-22,-1.3027479209966746
2021-06-23,-0.7206673981743019
2021-06-24,0.031441612971965786
2021-06-25,-3.2266016063778
2021-06-28,-1.142869569196284
2021-06-29,-0.9901070931720357
2021-06-30,-1.1676529525158614
2021-07-01,-0.36981047312427817
2021-07-02,1.0720370499340588
2021-07-05,-1.3756298066353148
2021-07-06,-1.1211260614004204
2021-07-07,1.3910317538686996
2021-07-08,-1.3227257529932908
2021-07-12,1.3564128172262662
2021-07-13,0.6044343238602349
2021-07-14,0.1338240618723597
2021-07-15,-1.2109128816923265
2021-07-16,-1.6377029474192117
2021-07-19,-0.5865119532023905
2021-07-20,1.3063093878832226
2021-07-21,0.4089985416088229
2021-07-22,-1.0256500114850255
2021-07-23,-0.27529266760934984
2021-07-26,1.742144807257218
2021-07-27,0.9772613820835824
2021-07-28,3.201065268612371
2021-07-29,-0.5210041448110497
2021-07-30,-1.0832208320588192
2021-08-02,0.5594880558719807
2021-08-03,0.97975962875597
2021-08-04,-2.83473163379501
2021-08-05,0.30045086877632426
2021-08-06,2.7615167249445065
2021-08-09,1.1605546147383916
2021-08-10,-1.9091341594983633
2021-08-11,1.1046245879237935
2021-08-12,-1.89177200930136
2021-08-13,1.3409849298932177
2021-08-16,-1.4398154475816836
2021-08-17,-0.3632165125320912
2021-08-18,0.19828163272080412
2021-08-19,-1.29591447106749
2021-08-20,-0.36857136676414715
2021-08-23,1.068457559357683
2021-08-24,2.751565685275074
2021-08-25,0.12915724288336083
2021-08-26,-2.449902014125617
2021-08-27,1.7049593266010257
2021-08-30,-0.7177844838868022
2021-08-31,1.301254557902744
2021-09-01,0.3870972292377603
2021-09-02,-3.672543856534311
2021-09-03,-0.5694204039611219
2021-09-06,1.2683748049058898
2021-09-08,-4.859117894020533
2021-09-09,1.314442989806064
2021-09-10,-1.0015624856684904
2021-09-13,1.2418234344984767
2021-09-14,-0.6189840728322249
2021-09-15,-1.6345347413891813
2021-09-16,-0.07015081409444984
2021-09-17,-2.4148900618779754
2021-09-20,-2.2905928274802267
2021-09-21,-0.25777953425346756
2021-09-22,2.296437705101322
2021-09-23,3.400965386337609
2021-09-24,-1.403039477794336
2021-09-27,2.5803384101680074
2021-09-28,-2.298151326532675
2021-09-29,1.7804624878105957
2021-09-30,0.10375239113669038
2021-10-01,2.525731524971479
2021-10-04,-1.6704394952691999
2021-10-05,2.3950809910797353
2021-10-06,0.32038472687373903
2021-10-07,-2.1419287016524664
2021-10-08,0.7326040125823298
2021-10-11,-1.7590963015173933
2021-10-13,0.1237368771040467
2021-10-14,-0.49586881820474205
2021-10-15,2.5359232169356183
2021-10-18,0.6842449878788964
2021-10-19,-2.3950809910797317
2021-10-20,2.2746715764485943
2021-10-21,-1.7011345601475796
2021-10-22,-3.9155355943204566
2021-10-25,1.9352728711757787
2021-10-26,-1.0892441110400861
2021-10-27,0.7553539461592386
2021-10-28,-0.20924885576362853
2021-10-29,-2.373998714785641
2021-11-01,3.8296285120786617
2021-11-03,0.9451477658886394
2021-11-04,-5.420356307096667
2021-11-05,-1.2163486358955455
2021-11-08,-0.5258557112617629
2021-11-09,-1.0156855167818097
2021-11-10,2.4984863287163384
2021-11-11,-0.21668479043962063
2021-11-12,-0.21715538241585913
2021-11-16,-1.048960639079046
2021-11-17,0.3946507852467461
2021-11-18,-1.6770030944566945
2021-11-19,-0.8491671036412096
2021-11-22,-0.9470194918885448
2021-11-23,1.6625860322313426
2021-11-24,2.6386754968277732
2021-11-25,0.9073296331187884
2021-11-26,-1.9106095719140324
2021-11-29,-0.6597780644754987
2021-11-30,-1.2433552887496284
2021-12-01,-0.7174918481097246
2021-12-02,3.7106730636939727
2021-12-03,-0.34752423271743565
2021-12-06,1.1680859422723473
2021-12-07,-1.2551560615077642
2021-12-08,-0.9628083120303887
2021-12-09,-2.719133390899982
2021-12-10,0.13547073965100187
2021-12-13,-2.6985401407450658
2021-12-14,0.9688657236745545
2021-12-15,-0.3219133658660097
2021-12-16,1.0082578529611037
2021-12-17,-2.2130916985748668
2021-12-20,-1.5504186519474934
2021-12-21,0.14194467500108396
2021-12-22,0.37753701215395497
2021-12-23,0.5167970152945942
2021-12-27,1.0256500156364292
2021-12-28,-0.3717476300411649
2021-12-29,-0.8415196963878383
2021-12-30,-1.6568426574254496
2022-01-03,2.637929727118037
2022-01-04,2.7964233014562616
2022-01-05,-1.9169915853516444
2022-01-06,2.007366671145953
2022-01-07,2.189053215892028
2022-01-10,0.9236925269159532
2022-01-11,2.208359934853293
2022-01-12,-0.42918522097660455
2022-01-13,1.8325678095925662
2022-01-14,-0.7630388901490655
2022-01-17,0.0
2022-01-18,0.5939771468875806
2022-01-19,-0.6791197877358105
2022-01-20,-0.8124910968846651
2022-01-21,0.042927702833070396
2022-01-24,-0.12883833443002704
2022-01-25,3.5461714881502036
2022-01-26,1.0726175389516872
2022-01-27,0.3686262407528671
2022-01-28,1.3401215776312627
2022-01-31,2.154911806977304
2022-02-01,0.6296754206845141
2022-02-02,-1.581685803783384
2022-02-03,1.149210193955068
2022-02-04,0.31471312042180466
2022-02-07,-0.5513995928084006
2022-02-08,1.0997753916172752
2022-02-09,-4.065924693749843
2022-02-10,1.8940723000506083
2022-02-11,5.740234084444705
2022-02-14,-0.2264152063761366
2022-02-15,0.9400332498090533
2022-02-16,-1.0534333830436977
2022-02-17,-1.4092786987005141
2022-02-18,0.38284887112855537
2022-02-21,-2.475948506249227
2022-02-22,0.8580395846022011
2022-02-23,-1.4079231457215644
2022-02-24,-1.7080852319488509
2022-02-25,2.022674550990187
2022-03-02,-1.742618352921774
2022-03-03,0.07987218398704438
2022-03-04,-1.5285896810111483
2022-03-07,-2.1717715105659567
2022-03-08,-0.957343406266219
2022-03-09,4.857106487063321
2022-03-10,0.0796495215598089
2022-03-11,-1.1209084235047373
2022-03-14,1.3991833038027308
2022-03-15,-0.35792440185780783
2022-03-16,1.9333803851920361
2022-03-17,2.164754020137911
2022-03-18,0.723950615012058
2022-03-21,2.4377730382492535
2022-03-22,1.3615666089705774
2022-03-23,-0.4395611770104557
2022-03-24,0.6586192884680518
2022-03-25,0.1821826233588239
2022-03-28,-0.07283323382286351
2022-03-29,1.1590133463100736
2022-03-30,0.21582739579529914
2022-03-31,-1.2656107948617907
2022-04-01,0.21810260935312747
2022-04-04,-0.9119158644720798
2022-04-05,-2.0359763023183284
2022-04-06,-0.037404183050607304
2022-04-07,-0.074850279717475
2022-04-08,-0.18737126394637163
2022-04-11,-0.3757989829338007
2022-04-12,-1.7854225518236935
2022-04-13,0.2679427476846193
2022-04-14,0.6477446638542727
2022-04-18,0.5680757944535508
2022-04-19,-1.7908651665602855
2022-04-20,0.6514680738610145
2022-04-22,-1.9672765621610928
2022-04-25,-0.39032052547218643
2022-04-26,-3.46165457530374
2022-04-27,-0.8130126326408024
2022-04-28,-0.8196766985536594
2022-04-29,-1.7853910106018889
2022-05-02,-0.5039909735317755
2022-05-03,0.5039909735317638
2022-05-04,-0.1257598238721824
2022-05-05,-2.3340758280513287
2022-05-06,2.1241240573058855
2022-05-09,-1.439482927588503
2022-05-10,-0.5130409205706234
2022-05-11,3.2886606474064695
2022-05-12,1.5638178585047704
2022-05-13,1.1772005267135792
2022-05-16,1.0437669979458832
2022-05-17,0.8747570682215494
2022-05-18,-1.4354313520787765
2022-05-19,-0.32180236084864655
2022-05-20,1.2412572012959284
2022-05-23,2.5536645606283424
2022-05-24,1.501471917580095
2022-05-25,-1.8122724702981245
2022-05-26,1.2374481290499273
2022-05-27,0.5366053577805866
2022-05-30,-0.9216655293221545
2022-05-31,0.9216655293221425
2022-06-01,-1.463252934112473
2022-06-02,0.4257796248843554
2022-06-03,-0.9313221898156411
2022-06-06,-0.3514942345179821
2022-06-07,0.0
2022-06-08,-1.9356717158427714
2022-06-09,-1.7300773612259754
2022-06-10,-2.215929827621495
2022-06-13,-1.2106180031174207
2022-06-14,-0.6742545381528747
2022-06-15,0.4219415668657006
2022-06-17,-1.2712035486743634
2022-06-20,4.257738259700902
2022-06-21,-1.0682106916547645
2022-06-22,-0.7462721238361916
2022-06-23,-2.315405477042669
2022-06-24,-0.17050302058384417
2022-06-27,0.5954930482738197
2022-06-28,-1.108753357259063
2022-06-29,-1.0344920055218711
2022-06-30,-1.7923977015972747
2022-07-01,0.7908652859015274
2022-07-04,-0.9674657686011945
2022-07-05,0.7045383921821955
2022-07-06,-0.925728466145299
2022-07-07,1.4072351958198364
2022-07-08,0.04365857699357728
2022-07-11,-1.6281987790426788
2022-07-12,-0.22207429581442822
2022-07-13,-0.40098068772336115
2022-07-14,-1.122346245083635
2022-07-15,1.7897569485869604
2022-07-18,1.321605128828038
2022-07-19,3.3142693399641585
2022-07-20,-1.2782449187465421
2022-07-21,0.8114500974303791
2022-07-22,-1.0690715540529265
2022-07-25,1.4511565278387313
2022-07-26,-0.5523702381568966
2022-07-27,0.34028105089784433
2022-07-28,0.6349227629986607
2022-07-29,-0.3381237282092653
2022-08-01,-0.6370800856872387
2022-08-02,1.0595564343650938
2022-08-03,0.7141387373383179
2022-08-04,2.398791617340008
2022-08-05,1.8624019810730992
2022-08-08,1.2358140370497759
2022-08-09,2.5812931002351682
2022-08-10,1.8363178523705528
2022-08-11,0.15151517644094212
2022-08-12,1.2039272682478412
2022-08-15,0.8564565353535755
2022-08-16,0.9961343968361036
2022-08-17,0.40300475831841553
2022-08-18,-0.29293319324869793
2022-08-19,-2.337335108574776
2022-08-22,-1.132514926704307
2022-08-23,0.2654030029865476
2022-08-24,0.4156439003772539
2022-08-25,1.2366655622905498
2022-08-26,-0.5976857801425048
2022-08-29,-0.3377747432358019
2022-08-30,-0.4521484597358797
2022-08-31,-2.562771762595984
2022-09-01,1.46156450508222
2022-09-02,1.3652088803531457
2022-09-05,1.6066103193108496
2022-09-06,-0.9309320697213229
2022-09-08,-0.7133501163159824
2022-09-09,0.7881444546050878
2022-09-12,1.189163038595427
2022-09-13,-1.0024216366678618
2022-09-14,-0.37383217989851214
2022-09-15,0.2618291738547654
2022-09-16,-0.3367636289274085
2022-09-19,3.679590955429399
2022-09-20,3.269658740862407
2022-09-21,-1.0544913491272543
2022-09-22,1.9941189186634987
2022-09-23,-1.9941189186635122
2022-09-26,-1.8185560915792536
2022-09-27,-0.9399924554475979
2022-09-28,-0.036330597687419475
2022-09-29,1.4788366803438606
2022-09-30,0.46436948963194113
2022-10-03,5.8484057220240055
2022-10-04,0.16792613799163106
2022-10-05,0.0
2022-10-06,-1.8286997622109211
2022-10-07,0.20484811784292745
2022-10-10,-1.062927869803472
2022-10-11,-0.6918049243542684
2022-10-13,-0.5918206747190761
2022-10-14,0.03491009601536779
2022-10-17,0.7995870748691168
2022-10-18,2.428715260869136
2022-10-19,0.03378948132181822
2022-10-20,1.5421022773465107
2022-10-21,3.2725433634297314
2022-10-24,-4.645869243462109
2022-10-25,-0.8127372660538833
2022-10-26,-2.1654051403959254
2022-10-27,1.8248053459354103
2022-10-28,0.7816522268003258
2022-10-31,2.8697331486412887
2022-11-01,0.19717388162320626
2022-11-03,-0.7248796149539355
2022-11-04,0.3630966191091956
2022-11-07,-2.2997180463764018
2022-11-08,-0.3039003050602768
2022-11-09,-4.921297933919804
2022-11-10,-1.9007206400739298
2022-11-11,-3.2753618101073148
2022-11-14,-0.2997379459208514
2022-11-16,-1.4361546744319869
2022-11-17,0.6072124756377704
2022-11-18,0.7914117164503292
2022-11-21,0.299850291611316
2022-11-22,-1.660415503591595
2022-11-23,-1.03271139874414
2022-11-24,3.513109132926795
2022-11-25,-3.590032233350714
2022-11-28,-1.8249390239952326
2022-11-29,0.8583743683809579
2022-11-30,1.005033580512964
2022-12-01,-0.07695265407443731
2022-12-02,1.3381962017063809
2022-12-05,-2.9680343974160253
2022-12-06,2.282056094317344
2022-12-07,-0.7292298590006918
2022-12-08,-3.56830643554925
2022-12-09,-2.9163670415075855
2022-12-12,-0.9498316629500715
2022-12-13,-3.8490688797981774
2022-12-14,0.4302932270018229
2022-12-15,0.5566274488100692
2022-12-16,1.1040451790718866
2022-12-19,2.954240201290686
2022-12-20,1.0603688210225761
2022-12-21,0.40485886475228494
2022-12-22,0.20181644448366218
2022-12-23,1.5603436889006084
2022-12-26,-2.004878669749375
2022-12-27,-0.5686449193495083
2022-12-28,2.016197298021071
2022-12-29,-0.19980024963899534
2023-01-02,-2.0610953925569926
2023-01-03,-2.104472138706589
2023-01-04,0.291484699244025
2023-01-05,3.070865683835762
2023-01-06,1.7190109135244023
2023-01-09,0.7109034713534997
2023-01-10,1.9100171634672485
2023-01-11,1.7225306145049166
2023-01-12,-1.4141263690850403
2023-01-13,-0.5016410481670139
2023-01-16,-1.089081136005598
2023-01-17,2.051552480472772
2023-01-18,1.7847445503792443
2023-01-19,0.0
2023-01-20,-1.7847445503792465
2023-01-23,-3.1130918646597565
2023-01-24,0.904983583430095
2023-01-25,0.3519065010128345
2023-01-26,-0.5872007430908558
2023-01-27,-2.1429391556973276
2023-01-30,0.04010425922662511
2023-01-31,1.5516523911483373
2023-02-01,-1.3913959508456535
2023-02-02,0.916523682179345
2023-02-03,-0.35763998416623666
2023-02-06,0.03980102827370417
2023-02-07,-2.3350497370746
2023-02-08,7.944719880328568
2023-02-09,-2.5144181778353003
2023-02-10,-0.464037943260405
2023-02-13,3.4663535236018013
2023-02-14,-1.2431879819206906
2023-02-15,1.4675709958111138
2023-02-16,0.7443279842312427
2023-02-17,-0.3342621722928103
2023-02-22,-1.8776368077495338
2023-02-23,0.3783583892092756
2023-02-24,-3.106673654860371
2023-02-27,-1.293881997909325
2023-02-28,0.35454047808013023
2023-03-01,-1.7053754670516132
2023-03-02,-3.33499794778309
2023-03-03,0.12399253793161141
2023-03-06,2.246367684848992
2023-03-07,0.2823151742895562
2023-03-08,1.2407603877390472
2023-03-09,-1.9277705363461195
2023-03-10,-2.4216245870851343
2023-03-13,-1.2121360561018768
2023-03-14,-0.33698435083661477
2023-03-15,-0.2534855296509027
2023-03-16,1.6362856893068636
2023-03-17,-2.913442247039411
2023-03-20,0.2567395194373092
2023-03-21,2.0305266099976995
2023-03-22,-0.587989894795002
2023-03-23,-2.516660906284032
2023-03-24,0.30191957794057167
2023-03-27,1.7079834528776718
2023-03-28,0.46462596744170914
2023-03-29,0.9645703134823965
2023-03-30,2.7173347476822767
2023-03-31,0.48622460775803744
2023-04-03,-2.911831748499175
2023-04-04,1.9778148196377368
2023-04-05,-0.0816326785070633
2023-04-06,-0.3271986471730682
2023-04-10,1.059504608357904
2023-04-11,3.1913358499458764
2023-04-12,0.6652343214669357
2023-04-13,0.0
2023-04-14,1.4327447351402172
2023-04-17,-0.19241878999263967
2023-04-18,-0.07707127089082234
2023-04-19,-1.5931947536456808
2023-04-20,0.2738119826864866
2023-04-24,-0.9024977745358986
2023-04-25,0.9024977745358981
2023-04-26,-1.0208176543667484
2023-04-27,1.760264530457424
2023-04-28,0.5028051346822762
2023-05-02,-4.014706805865938
2023-05-03,-0.1607717345308733
2023-05-04,0.8012863624458376
2023-05-05,3.6438898985967567
2023-05-08,1.375642639909293
2023-05-09,0.6053745152172728
2023-05-10,1.460426644748983
2023-05-11,0.9619016035294334
2023-05-12,-0.9247338019358665
2023-05-15,0.37092031767446143
2023-05-16,-0.33376628335637637
2023-05-17,0.9979753704706374
2023-05-18,-0.3684602657557233
2023-05-19,-0.8154233462139788
2023-05-22,-1.9162713014347652
2023-05-23,0.7935050246503034
2023-05-24,-0.5661460632878228
2023-05-25,3.0932222134089686
2023-05-26,-0.7736270039562708
2023-05-29,-0.4447746278813375
2023-05-30,-1.421647612690104
2023-05-31,-0.7944055505664596
2023-06-01,1.395459227200607
2023-06-02,1.4501090407708752
2023-06-05,0.22123904325282956
2023-06-06,0.6973784833209851
2023-06-07,0.2921842760455248
2023-06-09,1.3763346809212635
2023-06-12,-1.0850016348311862
2023-06-13,1.1209663786178132
2023-06-14,1.357163672017298
2023-06-15,1.303983229798353
2023-06-16,0.31463059022592027
2023-06-19,1.3520746923594353
2023-06-20,-0.9688657235480664
2023-06-21,0.9688657235480658
2023-06-22,-0.9688657235480664
2023-06-23,-0.31342531696573084
2023-06-26,-0.13961607481600466
2023-06-27,-1.12400196856846
2023-06-28,-0.5667744787377046
2023-06-29,1.200579420215522
2023-06-30,-0.24600258741335101
2023-07-03,1.882244454270269
2023-07-04,-0.6234866088714335
2023-07-05,0.8649076641127169
2023-07-06,-1.4923059909576037
2023-07-07,1.8705082636751347
2023-07-10,-0.6541596671172523
2023-07-11,-1.7773599102935917
2023-07-12,-0.5995433369480276
2023-07-13,1.090600100356181
2023-07-14,-1.055233138988277
2023-07-17,1.9261670601114271
2023-07-18,-1.961534021479325
2023-07-19,-1.0668664409462798
2023-07-20,1.8420641604894556
2023-07-21,1.774268110086857
2023-07-24,-1.5989217708302035
2023-07-25,0.2100105918839265
2023-07-26,0.5578814877318299
2023-07-27,-2.2504466106325753
2023-07-28,1.4825545310168364
2023-07-31,0.3497730147890116
2023-08-01,0.24411520735657227
2023-08-02,-0.3139720216671621
2023-08-03,-0.7716628953624532
2023-08-04,-1.847955918277473
2023-08-07,-0.7922259647197937
2023-08-08,-0.2171553660292929
2023-08-09,-0.36297681594439507
2023-08-10,0.3267383777760589
2023-08-11,0.1810610519470658
2023-08-14,-1.457751764281256
2023-08-15,-0.5521825141512582
2023-08-16,-0.0738552242044947
2023-08-17,-1.1891630385954266
2023-08-18,0.7819812808503643
2023-08-21,-0.40884650845417037
2023-08-22,1.5521375696247233
2023-08-23,1.2390828961141918
2023-08-24,-1.165769091055284
2023-08-25,-1.5882143721975737
2023-08-28,3.3318110263830323
2023-08-29,1.5720223678436225
2023-08-30,-1.9327731305991296
2023-08-31,-0.8711488615780758
2023-09-01,0.7988423009280573
2023-09-04,-0.9082714638562969
2023-09-05,-1.5076586690123908
2023-09-06,-0.9679896832801802
2023-09-08,0.14953273417293894
2023-09-11,2.5084310590713716
2023-09-12,0.5811857831799003
2023-09-13,0.5057814320406189
2023-09-14,-0.3971841289432778
2023-09-15,-0.21731262712019841
2023-09-18,-0.2541297463134169
2023-09-19,-1.2804272420960228
2023-09-20,1.6794845461154162
2023-09-21,-2.3073721268271266
2023-09-22,-0.2596921869060643
2023-09-25,0.2967361148068926
2023-09-26,-1.4925650238740085
2023-09-27,-0.1881468368965211
2023-09-28,2.6023773778012393
2023-09-29,-0.14689686905471439
2023-10-02,-0.9972381652193897
2023-10-03,-1.2700955066306319
2023-10-04,2.2673336718500177
2023-10-05,1.5679446203645295
2023-10-06,0.9362689882642624
2023-10-09,-0.8639362360137077
2023-10-10,-0.10851873745997868
2023-10-11,1.2587830473313224
2023-10-13,-1.041863207930102
2023-10-16,0.144352240604652
2023-10-17,-1.4895824833061178
2023-10-18,-2.108456152722775
2023-10-19,1.1522149198594902
2023-10-20,-0.3702336390091297
2023-10-23,0.11121406414071137
2023-10-24,0.0
2023-10-25,0.18508244097527146
2023-10-26,2.4476107562956395
2023-10-27,-1.4906656594645817
2023-10-30,-0.8091254138572044
2023-10-31,-0.9647570142228865
2023-11-01,1.333353093095375
2023-11-03,2.7219971019378897
2023-11-06,0.9265925123938503
2023-11-07,2.7638631920169745
2023-11-08,0.44758206483050755
2023-11-09,0.445587729638875
2023-11-10,1.1898831692761747
2023-11-13,-0.6781986183554334
2023-11-14,1.4860118081887532
2023-11-16,1.5963092494355742
2023-11-17,0.46083031497221427
2023-11-20,0.9804000020462682
2023-11-21,-0.16273395238867125
2023-11-22,0.616985226453039
2023-11-23,-0.12957565445291916
2023-11-24,-0.5525773981140648
2023-11-27,-0.2610967471273277
2023-11-28,0.9756174869947845
2023-11-29,0.6773127099454619
2023-11-30,1.531130385780219
2023-12-01,-0.28530688165602996
2023-12-04,0.12690356693539578
2023-12-05,0.8209708210611252
2023-12-06,-0.8844024918413049
2023-12-07,0.3167566886591367
2023-12-08,1.2570875807589283
2023-12-11,-0.6894417775767663
2023-12-12,-0.5044146751680457
2023-12-13,2.989014537751784
2023-12-14,0.824809916994876
2023-12-15,-0.42682988763380797
2023-12-18,0.4876571557073075
2023-12-19,0.060790256605295495
2023-12-20,-1.038494356351311
2023-12-21,0.673197156205553
2023-12-22,1.573406127255135
2023-12-26,1.0155404121044798
2023-12-27,0.681181359452763
2023-12-28,0.2652912234526328
2024-01-02,-1.3335506455129542
2024-01-03,-1.1099558940348464
2024-01-04,-0.6658620236962587
2024-01-05,2.3113740947195875
2024-01-08,-1.0739960086845177
2024-01-09,-0.06000598381562473
2024-01-10,-0.09007657725267063
2024-01-11,0.18007205568263976
2024-01-12,0.11986819011084641
2024-01-15,0.1795332401292712
2024-01-16,-1.4150469492034239
2024-01-17,0.0606244490407019
2024-01-18,-0.4251448915603504
2024-01-19,0.24316120755373452
2024-01-22,-1.6529302031389685
2024-01-23,0.4618946168618192
2024-01-24,-0.4618946168618238
2024-01-25,-0.21628307408738984
2024-01-26,1.4737755187543327
2024-01-29,-0.5194816997489761
2024-01-30,-0.6454609865540784
2024-01-31,1.0734653143926434
2024-02-01,-0.27493527655774325
2024-02-02,0.15283514255776195
2024-02-05,1.876000555854252
2024-02-06,4.197241162892946
2024-02-07,-0.721191649740834
2024-02-08,-1.9883696145748808
2024-02-09,1.2619389849195475
2024-02-14,0.0
2024-02-15,0.8421713802270886
2024-02-16,-0.11574075057175566
2024-02-19,1.0941658124300973
2024-02-20,2.1530576808723967
2024-02-21,-0.562115012021644
2024-02-22,-3.7913788479543844
2024-02-23,0.2923123732071313
2024-02-26,0.29146043073886335
2024-02-27,1.2149411976025508
2024-02-28,0.0574877676231835
2024-02-29,-2.5023126798781563
2024-03-01,0.3822971681299473
2024-03-04,-0.7660614915445771
2024-03-05,-0.08877054001991726
2024-03-06,1.089367459711207
2024-03-07,-1.0597685007215598
2024-03-08,0.9132483401872828
2024-03-11,0.4972951712211546
2024-03-12,0.40768836492145616
2024-03-13,0.9832352430111801
2024-03-14,-0.05757054023474578
2024-03-15,-0.5485793972814583
2024-03-18,0.4045079249182387
2024-03-19,0.14407147236321938
2024-03-20,0.20135200521673394
2024-03-21,-1.039870727076411
2024-03-22,-2.112754619312425
2024-03-25,0.0
2024-03-26,1.967469119875826
2024-03-27,0.5509655745865756
2024-03-28,0.17336035562628296
2024-04-01,-3.5256295531672506
2024-04-02,0.11954573728257549
2024-04-03,-0.7495163309304314
2024-04-04,-1.3329491497480348
2024-04-05,-0.1831502121668529
2024-04-08,1.4860015531000355
2024-04-09,1.048070694939914
2024-04-10,-2.1376698576856827
2024-04-11,-0.18275973427359796
2024-04-12,-1.0419953199678988
2024-04-15,-1.7089121779901228
2024-04-16,-0.7549579537324709
2024-04-17,0.06313129567180188
2024-04-18,0.12614318586169393
2024-04-19,-0.5689016635131285
2024-04-22,-0.06341152338600434
2024-04-23,1.479642929077232
2024-04-24,-0.43845983773322755
2024-04-25,-0.5665737561919139
2024-04-26,1.6591396219512227
2024-04-29,-0.779184250242945
2024-04-30,-1.8951925268600647
2024-05-02,1.3933094290303676
2024-05-03,1.2500162784129065
2024-05-06,0.6191970083009565
2024-05-07,2.046810442761478
2024-05-08,0.6330089045389146
2024-05-09,-3.0508772770837833
2024-05-10,1.1397012278699754
2024-05-13,1.2176710595709688
2024-05-14,1.0833690122839268
2024-05-15,-0.2697438913032666
2024-05-16,-0.3005713203072378
2024-05-17,0.030097808814838187
2024-05-20,-0.30138661450727244
2024-05-21,-0.5144511047670635
2024-05-22,-1.5594261906199705
2024-05-23,-0.8976998861893567
2024-05-24,-0.9686062476473803
2024-05-27,-0.3459666916998116
2024-05-28,-0.5370412295664104
2024-05-29,-0.6993035483422477
2024-05-31,-1.0259788706955069
2024-06-03,1.3444504869186553
2024-06-04,0.34915128271185353
2024-06-05,-0.1902950274517035
2024-06-06,1.2618463978361005
2024-06-07,-1.4207026530962517
2024-06-10,-0.7980888387536333
2024-06-11,1.1155493963656364
2024-06-12,-0.15860430235185455
2024-06-13,-1.0531452041274645
2024-06-14,-0.0962927438464402
2024-06-17,2.4112843458099893
2024-06-18,-0.06271560295031946
2024-06-19,0.7811319262772902
2024-06-20,-0.6870732830990981
2024-06-21,-0.09405864317819623
2024-06-24,1.4326000373182477
2024-06-25,0.3087375190174884
2024-06-26,-0.18512811227225995
2024-06-27,0.18512811227225523
2024-06-28,-0.09252121561980024
2024-07-01,-0.5259099637003969
2024-07-02,1.294317008061676
2024-07-03,0.61050249033262
2024-07-04,0.15204502195832956
2024-07-05,0.06075335887522125
2024-07-08,-0.1823708835540138
2024-07-09,0.6972894949499354
2024-07-10,1.0518503994936057
2024-07-11,0.5961269694491101
2024-07-12,-0.5662360464301522
2024-07-15,0.3877707877196065
2024-07-16,0.5936497278911662
2024-07-17,1.0890468151513373
2024-07-18,-0.4694844510815731
2024-07-19,0.7617968242886968
2024-07-22,-0.0583941441608268
2024-07-23,-0.14613478314688433
2024-07-24,-0.14634861631188445
2024-07-25,-0.44033536237399484
2024-07-26,0.7328187618327532
2024-07-29,0.7274875727253322
2024-07-30,-0.377632997825645
2024-07-31,-1.4068227288251955
2024-08-01,-1.5167577036089206
2024-08-02,-1.2666031646042937
2024-08-05,0.0
2024-08-06,2.1912928431117558
2024-08-07,0.26686448679021235
2024-08-08,-0.35597782114152254
2024-08-09,2.6683887875679924
2024-08-12,0.1445713590838385
2024-08-13,2.7922041933751207
2024-08-14,2.4425305272674844
2024-08-15,1.5778346960710936
2024-08-16,-0.8402272114022646
2024-08-19,0.5970166981002236
2024-08-20,0.7278641297952202
2024-08-21,-0.4037147154747766
2024-08-22,-0.9211661124206615
2024-08-23,-0.7650310331805722
2024-08-26,0.21917816405501198
2024-08-27,0.10940919835585926
2024-08-28,2.136660034745745
2024-08-29,-1.1031996658758219
2024-08-30,-0.7059491678411707
2024-09-02,-0.8482743286950262
2024-09-03,1.6083214289489907
2024-09-04,0.700622641487353
2024-09-05,0.6424004790080577
2024-09-06,-1.4241809824560647
2024-09-09,0.9695739884341908
2024-09-10,0.0
2024-09-11,0.18744148199156763
2024-09-12,-1.1029029011303197
2024-09-13,0.10813734204874481
2024-09-16,-0.027023397602609415
2024-09-17,-0.2435395460754059
2024-09-18,-0.5705762059594608
2024-09-19,-0.27285147349436906
2024-09-20,-1.8475639179723817
2024-09-23,-0.5861845197826615
2024-09-24,-0.027999431524482064
2024-09-25,1.25227738200558
2024-09-26,1.2641003851804853
2024-09-27,0.3815758293253863
2024-09-30,-1.784046226446145
2024-10-01,-1.7037138906802078
2024-10-02,0.6178059521393907
2024-10-03,-2.4944604001439767
2024-10-04,0.20071691602824202
2024-10-07,0.6566761547984122
2024-10-08,0.5958309665912687
2024-10-09,-1.855870546128226
2024-10-10,0.5460568506620426
2024-10-11,-0.7479896746223725
2024-10-14,0.6332778784886615
2024-10-15,1.1412391746762705
2024-10-16,-0.597526295008198
2024-10-17,0.1995724139291782
2024-10-18,0.48302407487165416
2024-10-21,-0.5115100691449874
2024-10-22,0.1707942460720193
2024-10-23,0.6237615908475683
2024-10-24,0.9004000131560966
2024-10-25,-1.126772486340787
2024-10-28,1.210770816983611
2024-10-29,-1.069227988442521
2024-10-30,-0.2832863169236048
2024-10-31,-0.6546202306862287
2024-11-01,-0.6014625117367325
2024-11-04,1.3411529362156158
2024-11-05,2.960283183137689
2024-11-06,-0.4689016800617029
2024-11-07,-1.4761443518130881
2024-11-08,-1.5837434995417776
2024-11-11,0.11396012324314478
2024-11-12,-1.203108197961525
2024-11-13,-0.5200820435013974
2024-11-14,-0.2901075518142616
2024-11-18,-0.34924368477338913
2024-11-19,0.8997303646222661
2024-11-21,-1.7488058489291955
2024-11-22,0.2935997166742758
2024-11-25,-0.029321205028995247
2024-11-26,1.8882187791538063
2024-11-27,-2.476455753695972
2024-11-28,-3.6651744603439327
2024-11-29,-0.24509815536933074
2024-12-02,-1.4833399246970596
2024-12-03,1.1145626266560829
2024-12-04,0.6138754534103121
2024-12-05,2.119364819125093
2024-12-06,-2.0581840123083572
2024-12-09,0.48810345752929557
2024-12-10,0.39483727834992016
2024-12-11,0.9653166707177872
2024-12-12,-2.5233136668240257
2024-12-13,-1.3015368290120484
2024-12-16,-1.0977058426175357
2024-12-17,0.5346765139760883
2024-12-18,-2.8959859976798805
2024-12-19,0.5474172548202088
2024-12-20,1.149437947973897
2024-12-23,-1.9555039013701412
2024-12-26,0.6453717332756581
2024-12-27,-1.0021095849180424
2024-12-30,-0.16257521328760954
2025-01-02,-0.522024046966508
2025-01-03,-2.4839826372450786
2025-01-06,4.395591178655259
2025-01-07,1.0852324718564466
2025-01-08,-1.632297404793177
2025-01-09,0.2578151536411149
2025-01-10,-1.393637861983726
2025-01-13,0.7154502056399504
2025-01-14,0.06478783876119196
2025-01-15,4.247865270897485
2025-01-16,-0.3108488762796286
2025-01-17,0.7135131765407292
2025-01-20,0.9537066775390713
2025-01-21,0.21410009997834162
2025-01-22,-0.3673098960018741
2025-01-23,-0.21488880399901433
2025-01-24,-0.24615396388633334
2025-01-27,2.3745407785616153
2025-01-28,0.18034271212482675
2025-01-29,-0.24052927369918017
2025-01-30,2.4090384273096954
2025-01-31,-0.6485871786723582
2025-02-03,-0.9808371088920615
2025-02-04,0.3577821252496369
2025-02-05,1.5064529478284039
2025-02-06,0.17574698155135624
2025-02-07,-0.7343255256624008
2025-02-10,1.0848955510643157
2025-02-11,1.0443959210811922
2025-02-12,-2.809666812843915
2025-02-13,0.5328609435918658
2025-02-14,2.622527898421277
2025-02-17,0.2011205992283132
2025-02-18,-4.8216276109613325
2025-02-19,-0.9381215556867104
2025-02-20,-0.27401449962663327
2025-02-21,-0.30534372325568726
2025-02-24,-0.5519793249143774
2025-02-25,1.0096460240202219
2025-02-26,-0.24382821544949618
2025-02-27,-0.09158908295574472
2025-02-28,-2.4738429193790568
2025-03-05,1.4299279806225027
2025-03-06,0.18501394134372076
2025-03-07,0.430372634526158
2025-03-10,0.8856371850683886
2025-03-11,-0.8856371850683821
2025-03-12,0.30627896218605777
2025-03-13,1.6078004290898822
2025-03-14,3.1983774654560837
2025-03-17,2.9578609960606888
2025-03-18,0.5361942122285317
2025-03-19,0.2473717893762615
2025-03-20,-0.9308165252364091
2025-03-21,0.21796679736500782
2025-03-24,0.09326905926719901
2025-03-25,0.8047087747440406
2025-03-26,-1.0847773965808314
2025-03-27,0.1245717941829625
2025-03-28,-1.378899935955146
2025-03-31,-0.8874860347967399
2025-04-01,-0.031842053806677165
2025-04-02,0.031842053806682494
2025-04-03,1.767164958728929
2025-04-04,-2.6304796699800113
2025-04-07,0.19249284756730015
2025-04-08,0.03204613683406812
2025-04-09,1.8098604795276967
2025-04-10,-0.4099012551428431
2025-04-11,0.5042557236381808
2025-04-14,1.6214886105161808
2025-04-15,1.2601980110960234
2025-04-16,-0.15283510495780853
2025-04-17,0.18337414078083236
2025-04-22,1.9353491809655823
2025-04-23,2.0747632192350287
2025-04-24,1.9175485622377486
2025-04-25,-0.37480219957896166
2025-04-28,1.063075660086783
2025-04-29,0.7970437750963825
2025-04-30,0.8750937903220376
2025-05-02,-0.30964133654861703
2025-05-05,-1.7921116831288026
2025-05-06,-0.5179867578395175
2025-05-07,1.0903981662621016
2025-05-08,0.7959109842835898
2025-05-09,5.2665512059970805
2025-05-12,-2.0350722818962717
2025-05-13,1.2260063799033654
2025-05-14,0.6746753290257728
2025-05-15,1.3358467416333235
2025-05-16,0.5821662489454065
2025-05-19,1.1803415859043358
2025-05-20,-0.13046317608239294
2025-05-21,-2.0309283012252846
2025-05-22,-0.695189971078967
2025-05-23,1.2001744410818642
2025-05-26,0.2118644751165613
2025-05-27,0.7905179507113247
2025-05-28,-0.8169764689569388
2025-05-29,-0.7970286612923242
2025-05-30,-0.1601708886333583
2025-06-02,-0.750875064156813
2025-06-03,-0.32353763489511855
2025-06-04,-0.24334202379275935
2025-06-05,-1.225672418242712
2025-06-06,0.24633923172442362
2025-06-09,-0.52076311412996
2025-06-10,-1.0775073252789322
2025-06-11,0.9124907805324177
2025-06-12,0.7677580786389303
2025-06-13,-1.2091381112266042
2025-06-16,1.80826845493556
2025-06-17,0.595562111831639
2025-06-18,-0.5955621118316311
2025-06-20,-0.5172190735151725
2025-06-23,-0.2185793107521204
2025-06-24,1.8697198321449127
2025-06-25,-1.8150302113490346
2025-06-26,-0.7408457508972447
2025-06-27,-0.11022320747862217
2025-06-30,1.8574694267012697
2025-07-01,0.4051322079936485
2025-07-02,-0.8119124438504242
2025-07-03,2.4427466013518933
2025-07-04,0.05302228150875386
2025-07-07,-1.3340646091227433
2025-07-08,-0.2420332043116635
2025-07-09,-2.0950296898542735
2025-07-10,-3.1278729858284935
2025-07-11,-0.8260978266118284
2025-07-14,-0.17177216378204432
2025-07-15,0.3432497766857043
2025-07-16,0.48426244459790996
2025-07-17,1.494880470231033
2025-07-18,-1.8364692000782439
2025-07-21,1.1623093202624248
2025-07-22,-1.362109583595605
2025-07-23,1.1081232955186455
2025-07-24,-0.9368414892812247
2025-07-25,0.42692535274994226
2025-07-28,-2.124075258036535
2025-07-29,0.578537916833026
2025-07-30,1.1471304455493307
2025-07-31,0.25630087527631223
2025-08-01,-0.6563014027309064
2025-08-04,1.053690509105148
2025-08-05,1.0987573649312827
2025-08-06,1.2529747518573429
2025-08-07,1.7553933957129155
2025-08-08,0.6774175889043068
2025-08-11,0.6191970275366421
2025-08-12,2.045495673854971
2025-08-13,-0.9511300290592334
2025-08-14,-0.13281976943392088
2025-08-15,-0.34615931521316173
2025-08-18,0.7176110501639503
2025-08-19,-3.9157155990575516
2025-08-20,0.05506609202076525
2025-08-21,0.11004127091708703
2025-08-22,2.765903010097938
2025-08-25,-0.5094527792483653
2025-08-26,-0.6743113745647729
2025-08-27,1.6640212025035641
2025-08-28,2.054866838893547
2025-08-29,0.3643939428433057
2025-09-01,0.7506182332511115
2025-09-02,-1.7165570814392375
2025-09-03,-0.8694561450890333
2025-09-04,0.3961447009538808
2025-09-05,1.1009285616262634
2025-09-08,-0.4703431879090808
2025-09-09,-0.8680838170407345
2025-09-10,0.07922881898295649
2025-09-11,0.1846235767993444
2025-09-12,-1.5133702059907743
2025-09-15,1.645035780908144
2025-09-16,-0.26350476380050025
2025-09-17,1.4147471960172928
2025-09-18,0.12998833273035684
2025-09-19,1.3163178753789262
2025-09-22,-1.44630620810928
2025-09-23,1.5744292368895445
2025-09-24,-0.6680394885991052
2025-09-25,-0.8023855840917085
2025-09-26,0.49254799020549256
2025-09-29,0.567304265443767
2025-09-30,0.46177607936082443
2025-10-01,-1.8600381093217706
2025-10-02,-1.1012172219487626
2025-10-03,0.7354905650081788
2025-10-06,-1.1582124680896624
2025-10-07,-1.6013152415644543
2025-10-08,0.18814680721260563
2025-10-09,-0.16124701710099634
2025-10-10,-0.10764263134454286
2025-10-13,0.4030638404365174
2025-10-14,0.4281515827098553
2025-10-15,0.0
2025-10-16,-0.24060966848841914
2025-10-17,0.3473617414435035
2025-10-20,1.77136158038539
2025-10-21,-0.9478744008474597
2025-10-22,0.8167612179224591
2025-10-23,-0.07875049896901651
2025-10-24,-0.13138878478505622
2025-10-27,0.8379205980198331
2025-10-28,0.33840977431169506
2025-10-29,2.210318721805878
2025-10-30,-0.1271779259661929
2025-10-31,0.3810496033316143
2025-11-03,1.6096926991660674
2025-11-04,-0.29985028420603116
2025-11-05,0.4245230472612752
2025-11-06,0.0
2025-11-07,0.0996264041107542
2025-11-10,0.6698945755805774
2025-11-11,1.9104181460787024
2025-11-12,-2.3068507813990564
2025-11-13,0.39643263532035555
2025-11-14,0.3948672506306509
2025-11-17,-0.7416597655049707
2025-11-18,-0.4975134640113732
2025-11-19,-0.6253928947190391
2025-11-21,0.30067673321546395
2025-11-24,-0.3759873958072512
2025-11-25,0.22576202438779705
2025-11-26,2.3279902448666934
2025-11-27,-0.34330589929021366
2025-11-28,2.258748125828603
2025-12-01,-0.8198743730357456
2025-12-02,2.2031542550676937
2025-12-03,0.0
2025-12-04,2.4334378054821597
2025-12-05,-4.733491287950081
2025-12-08,0.4835599364287095
2025-12-09,-0.21731266088246226
2025-12-10,-4.777545076619308
2025-12-11,-0.0760938553672197
2025-12-12,0.88417907115518
2025-12-15,1.4977813696265423
2025-12-16,-2.6105900152753776
2025-12-17,-0.8941176059432595
2025-12-18,0.5119028327257102
2025-12-19,0.9148729683155041
2025-12-22,0.20217342212652278
2025-12-23,1.6276808706872874
2025-12-26,-0.06484981195305778
2025-12-29,-0.30737729119054547
2025-12-30,0.6393066142046466
2026-01-02,-0.20413377846490913
2026-01-05,1.4454416740159812
2026-01-06,0.6024114603380876
2026-01-07,-1.614565850138694
2026-01-08,1.5394625796164176
2026-01-09,-0.20055158389058894
2026-01-12,-0.9074929937665935
2026-01-13,-0.813632762081809
2026-01-14,1.0917970582694974
2026-01-15,0.8549209727234185
2026-01-16,-0.8296716353843797
2026-01-19,-0.15159174201625064
2026-01-20,0.9311757229600379
2026-01-21,4.290399399109894
2026-01-22,3.327740685382574
2026-01-23,1.1309987841162907
2026-01-26,1.3224086920618268
2026-01-27,2.615550910983664
2026-01-28,2.225708284442459
2026-01-29,-0.4108558055369052
2026-01-30,-1.4184634991956413
2026-02-02,0.8316966304265224
2026-02-03,0.5650960484437602
2026-02-04,-3.3498063741221182
2026-02-05,1.9969600813689192
2026-02-06,2.6662465916620377
2026-02-09,3.2824322831619366
2026-02-10,0.2274372943597086
2026-02-11,1.9430000760859034
2026-02-12,-2.3154399851841467
2026-02-13,-0.9790725017059551
2026-02-18,0.4594828468283688
2026-02-19,1.1601538867179577
2026-02-20,1.3908999032775202
2026-02-23,-3.6826668714172235
2026-02-24,1.5059895586192455
2026-02-25,-0.7920008052062593
2026-02-26,-0.251414337333246
2026-02-27,-1.8846508060701324
2026-03-02,-1.855500914472193
2026-03-03,-3.411183450686315
2026-03-04,1.4095769800393376
2026-03-05,-3.38938905722526
2026-03-06,-1.341991449611947
2026-03-09,0.5343258153464685
2026-03-10,1.4719676992466515
2026-03-11,0.20526863177422616
2026-03-12,-2.772180293027202
2026-03-13,-0.6816338531958617
2026-03-16,1.4051753455650287
2026-03-17,-0.676703084018728
2026-03-18,-1.0118923851338195
2026-03-19,0.7070498463296547
2026-03-20,-2.448713816387621
2026-03-23,2.9173182352802565
2026-03-24,-0.5625893882168437
2026-03-25,1.3078187337610951
2026-03-26,-2.728297163592829
2026-03-27,-1.1752143892469762
2026-03-30,0.3612285685913566
2026-03-31,4.4200894985790935
2026-04-01,0.8017452177709217
2026-04-02,-1.2165879422273642
2026-04-06,0.43783916011030843
2026-04-07,-0.0690051781263458
2026-04-08,3.4376971702885917
2026-04-09,1.6973845190360726
2026-04-10,0.6970187226295264
2026-04-13,-0.5223080426792958
2026-04-14,1.5158367335524592
2026-04-15,1.090103773381432
2026-04-16,-0.12763243596047896
2026-04-17,-0.38387763071657127
2026-04-20,-0.9230504520231558
2026-04-22,-2.9323764089889117
2026-04-23,-1.9056736321509185
2026-04-24,0.4291367398846904
2026-04-27,-0.8601230030189666
2026-04-28,0.24974470921719297
2026-04-29,-2.828750184291466
2026-04-30,0.743670636272409
2026-05-04,-1.8460624734697624
2026-05-05,0.14140940371980418
2026-05-06,-1.6144700146690338
2026-05-07,-2.398080279895272
2026-05-08,1.1456554313638714
2026-05-11,-2.2797898757828925
2026-05-12,-1.1471447492013125
2026-05-13,-0.6037754190919921
2026-05-14,1.924337776476071
2026-05-15,-1.7478597273959557
2026-05-18,-0.20171464227399655
2026-05-19,-2.142939145589905
2026-05-20,2.2690584711733095
2026-05-21,1.1279728567495806
2026-05-22,-1.734801520419895
2026-05-25,2.232067587357727
2026-05-26,-0.6469293525440958
2026-05-27,0.6469293525440944
2026-05-28,-0.7968169649176845
2026-05-29,0.09995003330834232
2026-06-01,-1.7128882262967142
2026-06-02,0.5068434570458733
2026-06-03,-2.1462244346135217
2026-06-05,0.2836881335199757
2026-06-08,-0.8015556813650984
2026-06-09,1.8009233838275216
2026-06-10,0.3563251415852543
2026-06-11,2.855190192844086
2026-06-12,0.24660924951934682
2026-06-15,-0.49382816405826774
2026-06-16,0.12368585373964222
2026-06-17,0.8615437905615213
2026-06-18,-0.7627051366046123
2026-06-19,-1.5430868650806255
2026-06-22,2.648341883987979
2026-06-23,0.26832556652938266
2026-06-24,-0.19507443396575022
2026-06-25,1.7661037245976212
2026-06-26,1.2866510593250275
2026-06-29,0.40165440884932047
2026-06-30,-0.5438008435870716
2026-07-01,0.6145138695153856
2026-07-02,0.07066305793975203
2026-07-03,0.6337305565821799
2026-07-06,-0.42204048576126557
2026-07-07,-0.3059185819155529
2026-07-08,-1.2808524255289955
2026-07-09,1.6572348976178684
2026-07-10,3.9365193115967623
2026-07-13,-1.7764074503402636
2026-07-14,0.2524384587830971
2026-07-15,-1.1294346174507952
2026-07-16,-1.377078594162724
2026-07-17,-1.396307149128664
2026-07-20,0.807030252413579
2026-07-21,0.5422623213310055
2026-07-22,0.8662116668429057
2026-07-23,-0.7956980900582274
2026-07-24,-1.086710434505325
2026-07-27,1.3916960081534808
2026-07-28,0.3974289275560306
2026-07-29,-2.456429604494343
2026-07-30,2.176055589051402
2026-07-31,0.35034486377875246
2026-08-03,0.6507111038597155
2026-08-04,-2.509806887905047
2026-08-05,0.6628812151817344
2026-08-06,-1.3062767386046061
2026-08-07,-2.615794576723528
2026-08-10,-0.8131127711396761
2026-08-11,-3.5763065845828517
2026-08-12,-1.4723241552893829
2026-08-13,-0.3127445864194846
2026-08-14,1.7850687417088853
2026-08-17,-1.602515555009254
2026-08-18,-0.49627893421291247
2026-08-19,0.4702203021436102
2026-08-20,-2.2668340165065075
2026-08-21,2.864471237698928
2026-08-24,0.3362217055875525
2026-08-25,1.816603620777376
2026-08-26,0.025351755744875658
2026-08-27,-0.8911580300563163
2026-08-28,0.22991452202199003
2026-08-31,0.8385260668127134
2026-09-01,0.9068072213970518
2026-09-02,3.7647452463838147
2026-09-03,1.2240642455311066
2026-09-04,0.0
2026-09-08,1.2092619201446786
2026-09-09,-1.999590545941305
2026-09-10,1.810866734324313
2026-09-11,0.8932828557870165
2026-09-14,-0.8932828557870074
2026-09-15,0.7527676101845161
2026-09-16,-0.11724705294376021
2026-09-17,-0.09389672051376703
2026-09-18,-0.5888604932501099
2026-09-21,1.7562797755355475
2026-09-22,0.2318572798473592
2026-09-23,-1.893686044819355
2026-09-24,-1.187098460741592
2026-09-25,0.6190495959873356
2026-09-28,-1.0019167782071359
